episode,score,scoreMax,scoreAvg,memoryLength,epsilon,qAvg,avgLoss
    0, 2.0, 2.0, 2.0,  467,1.000,0.06,0.00
    1, 2.0, 2.0, 2.0,  915,1.000,0.06,0.00
    2, 0.0, 2.0, 1.8, 1151,1.000,0.06,0.00
    3, 1.0, 2.0, 1.7, 1533,1.000,0.06,0.00
    4, 0.0, 2.0, 1.5, 1788,1.000,0.06,0.00
    5, 0.0, 2.0, 1.4, 2036,1.000,0.06,0.00
    6, 0.0, 2.0, 1.3, 2299,1.000,0.06,0.00
    7, 0.0, 2.0, 1.1, 2560,1.000,0.06,0.00
    8, 0.0, 2.0, 1.0, 2788,1.000,0.06,0.00
    9, 0.0, 2.0, 0.9, 3011,1.000,0.06,0.00
   10, 3.0, 3.0, 1.1, 3526,1.000,0.06,0.00
   11, 1.0, 3.0, 1.1, 3827,1.000,0.06,0.00
   12, 1.0, 3.0, 1.1, 4181,1.000,0.06,0.00
   13, 1.0, 3.0, 1.1, 4526,1.000,0.06,0.00
   14, 1.0, 3.0, 1.1, 4831,1.000,0.06,0.00
   15, 0.0, 3.0, 1.0, 5076,1.000,0.06,0.00
   16, 1.0, 3.0, 1.0, 5419,1.000,0.06,0.00
   17, 1.0, 3.0, 1.0, 5796,1.000,0.06,0.00
   18, 2.0, 3.0, 1.1, 6245,1.000,0.06,0.00
   19, 1.0, 3.0, 1.1, 6572,1.000,0.06,0.00
   20, 1.0, 3.0, 1.1, 6913,1.000,0.06,0.00
   21, 0.0, 3.0, 1.0, 7138,1.000,0.06,0.00
   22, 1.0, 3.0, 1.0, 7492,1.000,0.06,0.00
   23, 0.0, 3.0, 0.9, 7737,1.000,0.06,0.00
   24, 1.0, 3.0, 0.9, 8108,1.000,0.06,0.00
   25, 1.0, 3.0, 0.9, 8415,1.000,0.06,0.00
   26, 0.0, 3.0, 0.8, 8674,1.000,0.06,0.00
   27, 2.0, 3.0, 0.9, 9067,1.000,0.06,0.00
   28, 2.0, 3.0, 1.0, 9519,1.000,0.06,0.00
   29, 1.0, 3.0, 1.0, 9837,1.000,0.06,0.00
   30, 1.0, 3.0, 1.0,10224,1.000,0.06,0.00
   31, 0.0, 3.0, 0.9,10443,1.000,0.06,0.00
   32, 2.0, 3.0, 1.0,10905,1.000,0.06,0.00
   33, 2.0, 3.0, 1.1,11350,1.000,0.06,0.00
   34, 3.0, 3.0, 1.3,11906,1.000,0.06,0.00
   35, 1.0, 3.0, 1.3,12232,1.000,0.06,0.00
   36, 0.0, 3.0, 1.2,12499,1.000,0.06,0.00
   37, 0.0, 3.0, 1.0,12780,1.000,0.06,0.00
   38, 2.0, 3.0, 1.1,13210,1.000,0.06,0.00
   39, 1.0, 3.0, 1.1,13549,1.000,0.06,0.00
   40, 0.0, 3.0, 1.0,13771,1.000,0.06,0.00
   41, 4.0, 4.0, 1.3,14367,1.000,0.06,0.00
   42, 2.0, 4.0, 1.4,14782,1.000,0.06,0.00
   43, 1.0, 4.0, 1.3,15162,1.000,0.06,0.00
   44, 2.0, 4.0, 1.4,15646,1.000,0.06,0.00
   45, 4.0, 4.0, 1.7,16244,1.000,0.06,0.00
   46, 0.0, 4.0, 1.5,16510,1.000,0.06,0.00
   47, 2.0, 4.0, 1.5,16944,1.000,0.06,0.00
   48, 1.0, 4.0, 1.5,17233,1.000,0.06,0.00
   49, 2.0, 4.0, 1.5,17641,1.000,0.06,0.00
   50, 0.0, 4.0, 1.4,17879,1.000,0.06,0.00
   51, 0.0, 4.0, 1.3,18104,1.000,0.06,0.00
   52, 0.0, 4.0, 1.1,18319,1.000,0.06,0.00
   53, 3.0, 4.0, 1.3,18790,1.000,0.06,0.00
   54, 0.0, 4.0, 1.2,19006,1.000,0.06,0.00
   55, 2.0, 4.0, 1.3,19408,1.000,0.06,0.00
   56, 0.0, 4.0, 1.1,19642,1.000,0.06,0.00
   57, 2.0, 4.0, 1.2,20004,1.000,0.06,0.00
   58, 1.0, 4.0, 1.2,20347,1.000,0.06,0.00
   59, 0.0, 4.0, 1.1,20615,1.000,0.06,0.00
   60, 0.0, 4.0, 1.0,20894,1.000,0.06,0.00
   61, 2.0, 4.0, 1.1,21310,1.000,0.06,0.00
   62, 0.0, 4.0, 1.0,21527,1.000,0.06,0.00
   63, 0.0, 4.0, 0.9,21786,1.000,0.06,0.00
   64, 4.0, 4.0, 1.2,22362,1.000,0.06,0.00
   65, 5.0, 5.0, 1.6,23078,1.000,0.07,0.00
   66, 0.0, 5.0, 1.4,23299,1.000,0.06,0.00
   67, 2.0, 5.0, 1.5,23689,1.000,0.06,0.00
   68, 1.0, 5.0, 1.4,24024,1.000,0.06,0.00
   69, 0.0, 5.0, 1.3,24259,1.000,0.06,0.00
   70, 1.0, 5.0, 1.3,24570,1.000,0.06,0.00
   71, 0.0, 5.0, 1.1,24782,1.000,0.06,0.00
   72, 6.0, 6.0, 1.6,25318,1.000,0.06,0.00
   73, 0.0, 6.0, 1.5,25573,1.000,0.06,0.00
   74, 0.0, 6.0, 1.3,25808,1.000,0.06,0.00
   75, 3.0, 6.0, 1.5,26358,1.000,0.06,0.00
   76, 2.0, 6.0, 1.5,26760,1.000,0.06,0.00
   77, 3.0, 6.0, 1.7,27263,1.000,0.06,0.00
   78, 3.0, 6.0, 1.8,27728,1.000,0.06,0.00
   79, 0.0, 6.0, 1.6,27977,1.000,0.06,0.00
   80, 2.0, 6.0, 1.7,28403,1.000,0.06,0.00
   81, 0.0, 6.0, 1.5,28682,1.000,0.06,0.00
   82, 2.0, 6.0, 1.5,29182,1.000,0.06,0.00
   83, 5.0, 6.0, 1.9,29856,1.000,0.06,0.00
   84, 1.0, 6.0, 1.8,30192,1.000,0.06,0.00
   85, 2.0, 6.0, 1.8,30595,1.000,0.06,0.00
   86, 2.0, 6.0, 1.8,31002,1.000,0.06,0.00
   87, 8.0, 8.0, 2.5,31857,1.000,0.06,0.00
   88, 2.0, 8.0, 2.4,32238,1.000,0.06,0.00
   89, 1.0, 8.0, 2.3,32526,1.000,0.06,0.00
   90, 2.0, 8.0, 2.2,32921,1.000,0.06,0.00
   91, 2.0, 8.0, 2.2,33320,1.000,0.06,0.00
   92, 3.0, 8.0, 2.3,33786,1.000,0.06,0.00
   93, 2.0, 8.0, 2.3,34199,1.000,0.06,0.00
   94, 0.0, 8.0, 2.0,34416,1.000,0.06,0.00
   95, 3.0, 8.0, 2.1,34882,1.000,0.06,0.00
   96, 1.0, 8.0, 2.0,35203,1.000,0.06,0.00
   97, 1.0, 8.0, 1.9,35500,1.000,0.06,0.00
   98, 1.0, 8.0, 1.8,35831,1.000,0.06,0.00
   99, 0.0, 8.0, 1.6,36049,1.000,0.06,0.00
  100, 1.0, 8.0, 1.6,36363,1.000,0.06,0.00
  101, 3.0, 8.0, 1.7,36949,1.000,0.06,0.00
  102, 0.0, 8.0, 1.6,37198,1.000,0.06,0.00
  103, 1.0, 8.0, 1.5,37488,1.000,0.06,0.00
  104, 0.0, 8.0, 1.3,37723,1.000,0.06,0.00
  105, 0.0, 8.0, 1.2,37961,1.000,0.06,0.00
  106, 1.0, 8.0, 1.2,38293,1.000,0.06,0.00
  107, 1.0, 8.0, 1.2,38670,1.000,0.06,0.00
  108, 0.0, 8.0, 1.1,38930,1.000,0.06,0.00
  109, 1.0, 8.0, 1.0,39291,1.000,0.06,0.00
  110, 3.0, 8.0, 1.2,39835,1.000,0.06,0.00
  111, 0.0, 8.0, 1.1,40094,1.000,0.06,0.00
  112, 0.0, 8.0, 1.0,40360,1.000,0.06,0.00
  113, 3.0, 8.0, 1.2,40936,1.000,0.06,0.00
  114, 2.0, 8.0, 1.3,41418,1.000,0.06,0.00
  115, 2.0, 8.0, 1.4,41844,1.000,0.06,0.00
  116, 2.0, 8.0, 1.4,42292,1.000,0.06,0.00
  117, 0.0, 8.0, 1.3,42510,1.000,0.06,0.00
  118, 1.0, 8.0, 1.3,42861,1.000,0.06,0.00
  119, 1.0, 8.0, 1.2,43166,1.000,0.06,0.00
  120, 2.0, 8.0, 1.3,43579,1.000,0.06,0.00
  121, 4.0, 8.0, 1.6,44271,1.000,0.06,0.00
  122, 0.0, 8.0, 1.4,44521,1.000,0.06,0.00
  123, 2.0, 8.0, 1.5,44957,1.000,0.06,0.00
  124, 2.0, 8.0, 1.5,45364,1.000,0.06,0.00
  125, 1.0, 8.0, 1.5,45687,1.000,0.06,0.00
  126, 1.0, 8.0, 1.4,46055,1.000,0.06,0.00
  127, 2.0, 8.0, 1.5,46477,1.000,0.06,0.00
  128, 0.0, 8.0, 1.3,46748,1.000,0.06,0.00
  129, 1.0, 8.0, 1.3,47099,1.000,0.06,0.00
  130, 2.0, 8.0, 1.4,47504,1.000,0.06,0.00
  131, 1.0, 8.0, 1.3,47805,1.000,0.06,0.00
  132, 0.0, 8.0, 1.2,48079,1.000,0.06,0.00
  133, 5.0, 8.0, 1.6,48720,1.000,0.06,0.00
  134, 2.0, 8.0, 1.6,49133,1.000,0.06,0.00
  135, 0.0, 8.0, 1.5,49359,1.000,0.06,0.00
  136, 1.0, 8.0, 1.4,49680,1.000,0.06,0.00
  137, 1.0, 8.0, 1.4,50008,1.000,0.06,0.00
  138, 0.0, 8.0, 1.2,50237,1.000,0.05,0.00
  139, 2.0, 8.0, 1.3,50643,1.000,0.04,0.00
  140, 1.0, 8.0, 1.3,50974,1.000,0.04,0.00
  141, 0.0, 8.0, 1.2,51193,0.999,0.04,0.00
  142, 1.0, 8.0, 1.1,51530,0.999,0.04,0.00
  143, 0.0, 8.0, 1.0,51766,0.999,0.03,0.00
  144, 1.0, 8.0, 1.0,52121,0.999,0.03,0.00
  145, 0.0, 8.0, 0.9,52358,0.999,0.02,0.00
  146, 0.0, 8.0, 0.8,52579,0.999,0.04,0.00
  147, 1.0, 8.0, 0.8,52910,0.999,0.03,0.00
  148, 1.0, 8.0, 0.9,53270,0.999,0.03,0.00
  149, 2.0, 8.0, 1.0,53683,0.998,0.03,0.00
  150, 0.0, 8.0, 0.9,53907,0.998,0.04,0.00
  151, 0.0, 8.0, 0.8,54155,0.998,0.05,0.00
  152, 1.0, 8.0, 0.8,54492,0.998,0.05,0.00
  153, 0.0, 8.0, 0.7,54737,0.998,0.04,0.00
  154, 1.0, 8.0, 0.8,55095,0.998,0.04,0.00
  155, 2.0, 8.0, 0.9,55516,0.997,0.05,0.00
  156, 0.0, 8.0, 0.8,55779,0.997,0.05,0.00
  157, 2.0, 8.0, 0.9,56197,0.997,0.04,0.00
  158, 3.0, 8.0, 1.1,56643,0.997,0.04,0.00
  159, 2.0, 8.0, 1.2,57014,0.997,0.03,0.00
  160, 0.0, 8.0, 1.1,57251,0.997,0.04,0.00
  161, 1.0, 8.0, 1.1,57603,0.997,0.03,0.00
  162, 0.0, 8.0, 1.0,57840,0.996,0.04,0.00
  163, 2.0, 8.0, 1.1,58218,0.996,0.04,0.00
  164, 0.0, 8.0, 1.0,58468,0.996,0.04,0.00
  165, 3.0, 8.0, 1.2,59025,0.996,0.05,0.00
  166, 0.0, 8.0, 1.1,59239,0.996,0.04,0.00
  167, 0.0, 8.0, 0.9,59458,0.996,0.03,0.00
  168, 2.0, 8.0, 1.1,59857,0.995,0.04,0.00
  169, 0.0, 8.0, 0.9,60067,0.995,0.03,0.00
  170, 0.0, 8.0, 0.9,60303,0.995,0.03,0.00
  171, 3.0, 8.0, 1.1,60851,0.995,0.04,0.00
  172, 1.0, 8.0, 1.1,61124,0.995,0.04,0.00
  173, 1.0, 8.0, 1.1,61467,0.995,0.04,0.00
  174, 0.0, 8.0, 0.9,61692,0.995,0.04,0.00
  175, 0.0, 8.0, 0.9,61901,0.995,0.03,0.00
  176, 1.0, 8.0, 0.9,62223,0.994,0.04,0.00
  177, 1.0, 8.0, 0.9,62555,0.994,0.04,0.00
  178, 0.0, 8.0, 0.8,62813,0.994,0.04,0.00
  179, 3.0, 8.0, 1.0,63288,0.994,0.04,0.00
  180, 1.0, 8.0, 1.0,63549,0.994,0.04,0.00
  181, 3.0, 8.0, 1.2,64066,0.994,0.03,0.00
  182, 1.0, 8.0, 1.2,64409,0.993,0.04,0.00
  183, 0.0, 8.0, 1.1,64632,0.993,0.03,0.00
  184, 0.0, 8.0, 1.0,64864,0.993,0.04,0.00
  185, 2.0, 8.0, 1.1,65251,0.993,0.05,0.00
  186, 1.0, 8.0, 1.1,65574,0.993,0.04,0.00
  187, 1.0, 8.0, 1.1,65928,0.993,0.03,0.00
  188, 2.0, 8.0, 1.1,66297,0.993,0.04,0.00
  189, 4.0, 8.0, 1.4,66856,0.992,0.04,0.00
  190, 1.0, 8.0, 1.4,67119,0.992,0.04,0.00
  191, 0.0, 8.0, 1.3,67328,0.992,0.04,0.00
  192, 0.0, 8.0, 1.1,67534,0.992,0.04,0.00
  193, 1.0, 8.0, 1.1,67812,0.992,0.05,0.00
  194, 0.0, 8.0, 1.0,68022,0.992,0.04,0.00
  195, 1.0, 8.0, 1.0,68358,0.992,0.04,0.00
  196, 0.0, 8.0, 0.9,68585,0.992,0.06,0.00
  197, 1.0, 8.0, 0.9,68869,0.991,0.04,0.00
  198, 1.0, 8.0, 0.9,69150,0.991,0.05,0.00
  199, 1.0, 8.0, 0.9,69454,0.991,0.04,0.00
  200, 0.0, 8.0, 0.8,69676,0.991,0.05,0.00
  201, 1.0, 8.0, 0.9,70026,0.991,0.05,0.00
  202, 0.0, 8.0, 0.8,70228,0.991,0.04,0.00
  203, 2.0, 8.0, 0.9,70610,0.991,0.04,0.00
  204, 0.0, 8.0, 0.8,70861,0.990,0.04,0.00
  205, 1.0, 8.0, 0.8,71211,0.990,0.05,0.00
  206, 0.0, 8.0, 0.7,71448,0.990,0.05,0.00
  207, 1.0, 8.0, 0.8,71709,0.990,0.04,0.00
  208, 1.0, 8.0, 0.8,72020,0.990,0.05,0.00
  209, 1.0, 8.0, 0.8,72358,0.990,0.06,0.00
  210, 1.0, 8.0, 0.8,72665,0.990,0.07,0.00
  211, 1.0, 8.0, 0.8,72952,0.990,0.07,0.00
  212, 0.0, 8.0, 0.8,73160,0.989,0.06,0.00
  213, 2.0, 8.0, 0.9,73583,0.989,0.07,0.00
  214, 0.0, 8.0, 0.8,73792,0.989,0.06,0.00
  215, 5.0, 8.0, 1.2,74555,0.989,0.08,0.00
  216, 2.0, 8.0, 1.3,74959,0.989,0.08,0.00
  217, 1.0, 8.0, 1.3,75279,0.988,0.07,0.00
  218, 3.0, 8.0, 1.4,75829,0.988,0.07,0.00
  219, 3.0, 8.0, 1.6,76295,0.988,0.07,0.00
  220, 1.0, 8.0, 1.5,76593,0.988,0.07,0.00
  221, 0.0, 8.0, 1.4,76841,0.988,0.05,0.00
  222, 3.0, 8.0, 1.5,77348,0.988,0.08,0.00
  223, 1.0, 8.0, 1.5,77646,0.987,0.05,0.00
  224, 0.0, 8.0, 1.3,77902,0.987,0.06,0.00
  225, 1.0, 8.0, 1.3,78260,0.987,0.06,0.00
  226, 3.0, 8.0, 1.5,78781,0.987,0.07,0.00
  227, 1.0, 8.0, 1.4,79086,0.987,0.07,0.00
  228, 0.0, 8.0, 1.3,79294,0.987,0.06,0.00
  229, 2.0, 8.0, 1.4,79704,0.986,0.06,0.00
  230, 0.0, 8.0, 1.2,79901,0.986,0.06,0.00
  231, 0.0, 8.0, 1.1,80149,0.986,0.06,0.00
  232, 0.0, 8.0, 1.0,80412,0.986,0.06,0.00
  233, 0.0, 8.0, 0.9,80653,0.986,0.05,0.00
  234, 3.0, 8.0, 1.1,81090,0.986,0.07,0.00
  235, 3.0, 8.0, 1.3,81576,0.986,0.08,0.00
  236, 1.0, 8.0, 1.3,81907,0.985,0.06,0.00
  237, 1.0, 8.0, 1.2,82244,0.985,0.06,0.00
  238, 3.0, 8.0, 1.4,82730,0.985,0.07,0.00
  239, 0.0, 8.0, 1.3,82974,0.985,0.05,0.00
  240, 0.0, 8.0, 1.1,83198,0.985,0.05,0.00
  241, 1.0, 8.0, 1.1,83500,0.985,0.07,0.00
  242, 2.0, 8.0, 1.2,83932,0.984,0.07,0.00
  243, 1.0, 8.0, 1.2,84282,0.984,0.06,0.00
  244, 0.0, 8.0, 1.1,84524,0.984,0.06,0.00
  245, 1.0, 8.0, 1.1,84859,0.984,0.07,0.00
  246, 0.0, 8.0, 1.0,85081,0.984,0.05,0.00
  247, 2.0, 8.0, 1.1,85532,0.984,0.07,0.00
  248, 1.0, 8.0, 1.1,85871,0.984,0.07,0.00
  249, 0.0, 8.0, 1.0,86107,0.984,0.06,0.00
  250, 3.0, 8.0, 1.2,86557,0.983,0.07,0.00
  251, 1.0, 8.0, 1.1,86896,0.983,0.07,0.00
  252, 0.0, 8.0, 1.0,87138,0.983,0.05,0.00
  253, 2.0, 8.0, 1.1,87552,0.983,0.09,0.00
  254, 0.0, 8.0, 1.0,87806,0.983,0.05,0.00
  255, 0.0, 8.0, 0.9,88069,0.983,0.06,0.00
  256, 0.0, 8.0, 0.8,88286,0.983,0.05,0.00
  257, 2.0, 8.0, 0.9,88689,0.982,0.06,0.00
  258, 2.0, 8.0, 1.0,89064,0.982,0.08,0.00
  259, 2.0, 8.0, 1.1,89477,0.982,0.09,0.00
  260, 0.0, 8.0, 1.0,89689,0.982,0.06,0.00
  261, 3.0, 8.0, 1.2,90176,0.982,0.09,0.00
  262, 2.0, 8.0, 1.3,90566,0.981,0.07,0.00
  263, 1.0, 8.0, 1.3,90890,0.981,0.08,0.00
  264, 0.0, 8.0, 1.1,91117,0.981,0.06,0.00
  265, 2.0, 8.0, 1.2,91504,0.981,0.08,0.00
  266, 1.0, 8.0, 1.2,91869,0.981,0.08,0.00
  267, 0.0, 8.0, 1.1,92071,0.981,0.06,0.00
  268, 5.0, 8.0, 1.5,92710,0.980,0.09,0.00
  269, 0.0, 8.0, 1.3,92931,0.980,0.05,0.00
  270, 1.0, 8.0, 1.3,93227,0.980,0.08,0.00
  271, 3.0, 8.0, 1.5,93650,0.980,0.10,0.00
  272, 1.0, 8.0, 1.4,93986,0.980,0.07,0.00
  273, 1.0, 8.0, 1.4,94272,0.980,0.08,0.00
  274, 4.0, 8.0, 1.6,94804,0.980,0.09,0.00
  275, 0.0, 8.0, 1.5,95019,0.979,0.05,0.00
  276, 1.0, 8.0, 1.4,95301,0.979,0.08,0.00
  277, 0.0, 8.0, 1.3,95551,0.979,0.06,0.00
  278, 0.0, 8.0, 1.2,95786,0.979,0.05,0.00
  279, 1.0, 8.0, 1.1,96119,0.979,0.07,0.00
  280, 2.0, 8.0, 1.2,96525,0.979,0.08,0.00
  281, 1.0, 8.0, 1.2,96854,0.979,0.08,0.00
  282, 3.0, 8.0, 1.4,97376,0.978,0.10,0.00
  283, 0.0, 8.0, 1.2,97605,0.978,0.05,0.00
  284, 1.0, 8.0, 1.2,97947,0.978,0.07,0.00
  285, 0.0, 8.0, 1.1,98186,0.978,0.05,0.00
  286, 2.0, 8.0, 1.2,98560,0.978,0.08,0.00
  287, 1.0, 8.0, 1.2,98906,0.978,0.07,0.00
  288, 1.0, 8.0, 1.2,99263,0.977,0.06,0.00
  289, 1.0, 8.0, 1.1,99620,0.977,0.06,0.00
  290, 2.0, 8.0, 1.2,100000,0.977,0.08,0.00
  291, 1.0, 8.0, 1.2,100000,0.977,0.07,0.00
  292, 4.0, 8.0, 1.5,100000,0.977,0.09,0.00
  293, 3.0, 8.0, 1.6,100000,0.976,0.08,0.00
  294, 2.0, 8.0, 1.7,100000,0.976,0.08,0.00
  295, 2.0, 8.0, 1.7,100000,0.976,0.08,0.00
  296, 2.0, 8.0, 1.7,100000,0.976,0.07,0.00
  297, 1.0, 8.0, 1.7,100000,0.976,0.07,0.00
  298, 0.0, 8.0, 1.5,100000,0.976,0.06,0.00
  299, 2.0, 8.0, 1.5,100000,0.976,0.08,0.00
  300, 1.0, 8.0, 1.5,100000,0.975,0.07,0.00
  301, 0.0, 8.0, 1.3,100000,0.975,0.05,0.00
  302, 0.0, 8.0, 1.2,100000,0.975,0.06,0.00
  303, 0.0, 8.0, 1.1,100000,0.975,0.05,0.00
  304, 2.0, 8.0, 1.2,100000,0.975,0.08,0.00
  305, 1.0, 8.0, 1.2,100000,0.975,0.07,0.00
  306, 0.0, 8.0, 1.0,100000,0.975,0.05,0.00
  307, 0.0, 8.0, 0.9,100000,0.974,0.05,0.00
  308, 1.0, 8.0, 0.9,100000,0.974,0.07,0.00
  309, 2.0, 8.0, 1.1,100000,0.974,0.08,0.00
  310, 0.0, 8.0, 0.9,100000,0.974,0.06,0.00
  311, 1.0, 8.0, 1.0,100000,0.974,0.07,0.00
  312, 2.0, 8.0, 1.1,100000,0.974,0.08,0.00
  313, 2.0, 8.0, 1.2,100000,0.974,0.08,0.00
  314, 2.0, 8.0, 1.2,100000,0.973,0.08,0.00
  315, 0.0, 8.0, 1.1,100000,0.973,0.05,0.00
  316, 3.0, 8.0, 1.3,100000,0.973,0.09,0.00
  317, 1.0, 8.0, 1.3,100000,0.973,0.08,0.00
  318, 0.0, 8.0, 1.1,100000,0.973,0.05,0.00
  319, 2.0, 8.0, 1.2,100000,0.973,0.09,0.00
  320, 3.0, 8.0, 1.4,100000,0.972,0.10,0.00
  321, 0.0, 8.0, 1.3,100000,0.972,0.06,0.00
  322, 0.0, 8.0, 1.1,100000,0.972,0.06,0.00
  323, 0.0, 8.0, 1.0,100000,0.972,0.06,0.00
  324, 2.0, 8.0, 1.1,100000,0.972,0.11,0.00
  325, 2.0, 8.0, 1.2,100000,0.972,0.11,0.00
  326, 0.0, 8.0, 1.1,100000,0.972,0.06,0.00
  327, 2.0, 8.0, 1.2,100000,0.971,0.11,0.00
  328, 0.0, 8.0, 1.1,100000,0.971,0.06,0.00
  329, 3.0, 8.0, 1.3,100000,0.971,0.13,0.00
  330, 1.0, 8.0, 1.2,100000,0.971,0.08,0.00
  331, 1.0, 8.0, 1.2,100000,0.971,0.08,0.00
  332, 0.0, 8.0, 1.1,100000,0.971,0.05,0.00
  333, 0.0, 8.0, 1.0,100000,0.971,0.06,0.00
  334, 0.0, 8.0, 0.9,100000,0.970,0.05,0.00
  335, 1.0, 8.0, 0.9,100000,0.970,0.10,0.00
  336, 3.0, 8.0, 1.1,100000,0.970,0.10,0.00
  337, 1.0, 8.0, 1.1,100000,0.970,0.08,0.00
  338, 0.0, 8.0, 1.0,100000,0.970,0.05,0.00
  339, 0.0, 8.0, 0.9,100000,0.970,0.05,0.00
  340, 2.0, 8.0, 1.0,100000,0.970,0.10,0.00
  341, 0.0, 8.0, 0.9,100000,0.969,0.05,0.00
  342, 2.0, 8.0, 1.0,100000,0.969,0.11,0.00
  343, 2.0, 8.0, 1.1,100000,0.969,0.11,0.00
  344, 3.0, 8.0, 1.3,100000,0.969,0.11,0.00
  345, 3.0, 8.0, 1.5,100000,0.969,0.12,0.00
  346, 1.0, 8.0, 1.4,100000,0.969,0.07,0.00
  347, 0.0, 8.0, 1.3,100000,0.968,0.06,0.00
  348, 1.0, 8.0, 1.2,100000,0.968,0.07,0.00
  349, 1.0, 8.0, 1.2,100000,0.968,0.08,0.00
  350, 2.0, 8.0, 1.3,100000,0.968,0.11,0.00
  351, 0.0, 8.0, 1.2,100000,0.968,0.05,0.00
  352, 1.0, 8.0, 1.2,100000,0.968,0.08,0.00
  353, 4.0, 8.0, 1.4,100000,0.967,0.11,0.00
  354, 1.0, 8.0, 1.4,100000,0.967,0.09,0.00
  355, 0.0, 8.0, 1.3,100000,0.967,0.05,0.00
  356, 0.0, 8.0, 1.1,100000,0.967,0.05,0.00
  357, 0.0, 8.0, 1.0,100000,0.967,0.05,0.00
  358, 0.0, 8.0, 0.9,100000,0.967,0.06,0.00
  359, 0.0, 8.0, 0.8,100000,0.967,0.05,0.00
  360, 0.0, 8.0, 0.7,100000,0.967,0.05,0.00
  361, 2.0, 8.0, 0.9,100000,0.966,0.11,0.00
  362, 0.0, 8.0, 0.8,100000,0.966,0.05,0.00
  363, 1.0, 8.0, 0.8,100000,0.966,0.09,0.00
  364, 1.0, 8.0, 0.8,100000,0.966,0.10,0.00
  365, 1.0, 8.0, 0.8,100000,0.966,0.07,0.00
  366, 1.0, 8.0, 0.9,100000,0.966,0.09,0.00
  367, 1.0, 8.0, 0.9,100000,0.966,0.08,0.00
  368, 1.0, 8.0, 0.9,100000,0.965,0.08,0.00
  369, 3.0, 8.0, 1.1,100000,0.965,0.12,0.00
  370, 0.0, 8.0, 1.0,100000,0.965,0.05,0.00
  371, 0.0, 8.0, 0.9,100000,0.965,0.05,0.00
  372, 0.0, 8.0, 0.8,100000,0.965,0.05,0.00
  373, 3.0, 8.0, 1.0,100000,0.965,0.11,0.00
  374, 3.0, 8.0, 1.2,100000,0.965,0.10,0.00
  375, 1.0, 8.0, 1.2,100000,0.964,0.08,0.00
  376, 1.0, 8.0, 1.2,100000,0.964,0.09,0.00
  377, 0.0, 8.0, 1.1,100000,0.964,0.05,0.00
  378, 0.0, 8.0, 1.0,100000,0.964,0.05,0.00
  379, 1.0, 8.0, 1.0,100000,0.964,0.09,0.00
  380, 1.0, 8.0, 1.0,100000,0.964,0.10,0.00
  381, 2.0, 8.0, 1.1,100000,0.964,0.12,0.00
  382, 0.0, 8.0, 1.0,100000,0.963,0.05,0.00
  383, 0.0, 8.0, 0.9,100000,0.963,0.05,0.00
  384, 1.0, 8.0, 0.9,100000,0.963,0.10,0.00
  385, 1.0, 8.0, 0.9,100000,0.963,0.09,0.00
  386, 1.0, 8.0, 0.9,100000,0.963,0.11,0.00
  387, 1.0, 8.0, 0.9,100000,0.963,0.10,0.00
  388, 0.0, 8.0, 0.8,100000,0.963,0.05,0.00
  389, 1.0, 8.0, 0.8,100000,0.962,0.09,0.00
  390, 0.0, 8.0, 0.8,100000,0.962,0.05,0.00
  391, 2.0, 8.0, 0.9,100000,0.962,0.10,0.00
  392, 2.0, 8.0, 1.0,100000,0.962,0.12,0.00
  393, 1.0, 8.0, 1.0,100000,0.962,0.10,0.00
  394, 2.0, 8.0, 1.1,100000,0.962,0.14,0.00
  395, 0.0, 8.0, 1.0,100000,0.962,0.05,0.00
  396, 2.0, 8.0, 1.1,100000,0.961,0.13,0.00
  397, 1.0, 8.0, 1.1,100000,0.961,0.11,0.00
  398, 0.0, 8.0, 1.0,100000,0.961,0.04,0.00
  399, 0.0, 8.0, 0.9,100000,0.961,0.06,0.00
  400, 6.0, 8.0, 1.4,100000,0.961,0.13,0.00
  401, 0.0, 8.0, 1.2,100000,0.961,0.05,0.00
  402, 1.0, 8.0, 1.2,100000,0.960,0.10,0.00
  403, 1.0, 8.0, 1.2,100000,0.960,0.10,0.00
  404, 0.0, 8.0, 1.1,100000,0.960,0.04,0.00
  405, 1.0, 8.0, 1.1,100000,0.960,0.10,0.00
  406, 0.0, 8.0, 1.0,100000,0.960,0.04,0.00
  407, 0.0, 8.0, 0.9,100000,0.960,0.05,0.00
  408, 1.0, 8.0, 0.9,100000,0.960,0.09,0.00
  409, 1.0, 8.0, 0.9,100000,0.959,0.08,0.00
  410, 1.0, 8.0, 0.9,100000,0.959,0.11,0.00
  411, 0.0, 8.0, 0.8,100000,0.959,0.05,0.00
  412, 0.0, 8.0, 0.7,100000,0.959,0.05,0.00
  413, 3.0, 8.0, 1.0,100000,0.959,0.15,0.00
  414, 0.0, 8.0, 0.9,100000,0.959,0.05,0.00
  415, 0.0, 8.0, 0.8,100000,0.959,0.05,0.00
  416, 3.0, 8.0, 1.0,100000,0.958,0.13,0.00
  417, 3.0, 8.0, 1.2,100000,0.958,0.15,0.00
  418, 0.0, 8.0, 1.1,100000,0.958,0.05,0.00
  419, 0.0, 8.0, 1.0,100000,0.958,0.05,0.00
  420, 2.0, 8.0, 1.1,100000,0.958,0.13,0.00
  421, 4.0, 8.0, 1.4,100000,0.958,0.14,0.00
  422, 0.0, 8.0, 1.2,100000,0.957,0.04,0.00
  423, 0.0, 8.0, 1.1,100000,0.957,0.04,0.00
  424, 2.0, 8.0, 1.2,100000,0.957,0.13,0.00
  425, 0.0, 8.0, 1.1,100000,0.957,0.04,0.00
  426, 2.0, 8.0, 1.2,100000,0.957,0.12,0.00
  427, 2.0, 8.0, 1.3,100000,0.957,0.13,0.00
  428, 2.0, 8.0, 1.3,100000,0.956,0.11,0.00
  429, 0.0, 8.0, 1.2,100000,0.956,0.05,0.00
  430, 1.0, 8.0, 1.2,100000,0.956,0.09,0.00
  431, 1.0, 8.0, 1.2,100000,0.956,0.11,0.00
  432, 1.0, 8.0, 1.1,100000,0.956,0.09,0.00
  433, 1.0, 8.0, 1.1,100000,0.956,0.10,0.00
  434, 1.0, 8.0, 1.1,100000,0.956,0.11,0.00
  435, 0.0, 8.0, 1.0,100000,0.956,0.05,0.00
  436, 1.0, 8.0, 1.0,100000,0.955,0.10,0.00
  437, 2.0, 8.0, 1.1,100000,0.955,0.13,0.00
  438, 1.0, 8.0, 1.1,100000,0.955,0.11,0.00
  439, 0.0, 8.0, 1.0,100000,0.955,0.05,0.00
  440, 1.0, 8.0, 1.0,100000,0.955,0.11,0.00
  441, 1.0, 8.0, 1.0,100000,0.955,0.11,0.00
  442, 2.0, 8.0, 1.1,100000,0.954,0.13,0.00
  443, 0.0, 8.0, 1.0,100000,0.954,0.05,0.00
  444, 2.0, 8.0, 1.1,100000,0.954,0.14,0.00
  445, 3.0, 8.0, 1.3,100000,0.954,0.13,0.00
  446, 3.0, 8.0, 1.4,100000,0.954,0.15,0.00
  447, 0.0, 8.0, 1.3,100000,0.954,0.04,0.00
  448, 1.0, 8.0, 1.3,100000,0.954,0.12,0.00
  449, 1.0, 8.0, 1.2,100000,0.953,0.10,0.00
  450, 6.0, 8.0, 1.7,100000,0.953,0.20,0.00
  451, 0.0, 8.0, 1.5,100000,0.953,0.05,0.00
  452, 0.0, 8.0, 1.4,100000,0.953,0.06,0.00
  453, 1.0, 8.0, 1.4,100000,0.953,0.12,0.00
  454, 2.0, 8.0, 1.4,100000,0.952,0.17,0.00
  455, 2.0, 8.0, 1.5,100000,0.952,0.16,0.00
  456, 1.0, 8.0, 1.4,100000,0.952,0.11,0.00
  457, 5.0, 8.0, 1.8,100000,0.952,0.24,0.00
  458, 3.0, 8.0, 1.9,100000,0.952,0.17,0.00
  459, 2.0, 8.0, 1.9,100000,0.951,0.13,0.00
  460, 0.0, 8.0, 1.7,100000,0.951,0.06,0.00
  461, 1.0, 8.0, 1.7,100000,0.951,0.11,0.00
  462, 2.0, 8.0, 1.7,100000,0.951,0.16,0.00
  463, 2.0, 8.0, 1.7,100000,0.951,0.16,0.00
  464, 2.0, 8.0, 1.7,100000,0.951,0.17,0.00
  465, 0.0, 8.0, 1.6,100000,0.951,0.06,0.00
  466, 0.0, 8.0, 1.4,100000,0.950,0.06,0.00
  467, 0.0, 8.0, 1.3,100000,0.950,0.06,0.00
  468, 0.0, 8.0, 1.1,100000,0.950,0.06,0.00
  469, 2.0, 8.0, 1.2,100000,0.950,0.16,0.00
  470, 0.0, 8.0, 1.1,100000,0.950,0.05,0.00
  471, 1.0, 8.0, 1.1,100000,0.950,0.14,0.00
  472, 2.0, 8.0, 1.2,100000,0.950,0.17,0.00
  473, 0.0, 8.0, 1.1,100000,0.949,0.06,0.00
  474, 2.0, 8.0, 1.2,100000,0.949,0.15,0.00
  475, 0.0, 8.0, 1.0,100000,0.949,0.05,0.00
  476, 1.0, 8.0, 1.0,100000,0.949,0.13,0.00
  477, 0.0, 8.0, 0.9,100000,0.949,0.06,0.00
  478, 0.0, 8.0, 0.8,100000,0.949,0.06,0.00
  479, 0.0, 8.0, 0.8,100000,0.949,0.06,0.00
  480, 0.0, 8.0, 0.7,100000,0.949,0.06,0.00
  481, 1.0, 8.0, 0.7,100000,0.948,0.11,0.00
  482, 0.0, 8.0, 0.6,100000,0.948,0.06,0.00
  483, 1.0, 8.0, 0.7,100000,0.948,0.12,0.00
  484, 1.0, 8.0, 0.7,100000,0.948,0.11,0.00
  485, 0.0, 8.0, 0.6,100000,0.948,0.06,0.00
  486, 1.0, 8.0, 0.7,100000,0.948,0.13,0.00
  487, 3.0, 8.0, 0.9,100000,0.948,0.16,0.00
  488, 2.0, 8.0, 1.0,100000,0.947,0.17,0.00
  489, 0.0, 8.0, 0.9,100000,0.947,0.05,0.00
  490, 0.0, 8.0, 0.8,100000,0.947,0.06,0.00
  491, 2.0, 8.0, 0.9,100000,0.947,0.14,0.00
  492, 3.0, 8.0, 1.1,100000,0.947,0.20,0.00
  493, 2.0, 8.0, 1.2,100000,0.947,0.17,0.00
  494, 2.0, 8.0, 1.3,100000,0.946,0.18,0.00
  495, 0.0, 8.0, 1.2,100000,0.946,0.07,0.00
  496, 0.0, 8.0, 1.1,100000,0.946,0.08,0.00
  497, 1.0, 8.0, 1.1,100000,0.946,0.15,0.00
  498, 1.0, 8.0, 1.0,100000,0.946,0.16,0.00
  499, 0.0, 8.0, 0.9,100000,0.946,0.07,0.00
  500, 0.0, 8.0, 0.8,100000,0.946,0.06,0.00
  501, 2.0, 8.0, 1.0,100000,0.945,0.18,0.00
  502, 3.0, 8.0, 1.2,100000,0.945,0.23,0.00
  503, 2.0, 8.0, 1.3,100000,0.945,0.20,0.00
  504, 0.0, 8.0, 1.1,100000,0.945,0.07,0.00
  505, 2.0, 8.0, 1.2,100000,0.945,0.16,0.00
  506, 3.0, 8.0, 1.4,100000,0.945,0.20,0.00
  507, 0.0, 8.0, 1.3,100000,0.944,0.05,0.00
  508, 1.0, 8.0, 1.2,100000,0.944,0.14,0.00
  509, 0.0, 8.0, 1.1,100000,0.944,0.06,0.00
  510, 2.0, 8.0, 1.2,100000,0.944,0.15,0.00
  511, 0.0, 8.0, 1.1,100000,0.944,0.07,0.00
  512, 2.0, 8.0, 1.2,100000,0.944,0.19,0.00
  513, 4.0, 8.0, 1.5,100000,0.943,0.19,0.00
  514, 1.0, 8.0, 1.4,100000,0.943,0.14,0.00
  515, 4.0, 8.0, 1.7,100000,0.943,0.23,0.00
  516, 2.0, 8.0, 1.7,100000,0.943,0.20,0.00
  517, 0.0, 8.0, 1.5,100000,0.943,0.07,0.00
  518, 0.0, 8.0, 1.4,100000,0.943,0.07,0.00
  519, 0.0, 8.0, 1.2,100000,0.943,0.06,0.00
  520, 1.0, 8.0, 1.2,100000,0.942,0.14,0.00
  521, 0.0, 8.0, 1.1,100000,0.942,0.06,0.00
  522, 1.0, 8.0, 1.1,100000,0.942,0.14,0.00
  523, 0.0, 8.0, 1.0,100000,0.942,0.06,0.00
  524, 3.0, 8.0, 1.2,100000,0.942,0.21,0.00
  525, 0.0, 8.0, 1.1,100000,0.942,0.06,0.00
  526, 2.0, 8.0, 1.2,100000,0.942,0.18,0.00
  527, 2.0, 8.0, 1.2,100000,0.941,0.19,0.00
  528, 3.0, 8.0, 1.4,100000,0.941,0.19,0.00
  529, 1.0, 8.0, 1.4,100000,0.941,0.14,0.00
  530, 1.0, 8.0, 1.3,100000,0.941,0.15,0.00
  531, 2.0, 8.0, 1.4,100000,0.941,0.19,0.00
  532, 1.0, 8.0, 1.4,100000,0.941,0.14,0.00
  533, 0.0, 8.0, 1.2,100000,0.940,0.06,0.00
  534, 0.0, 8.0, 1.1,100000,0.940,0.06,0.00
  535, 0.0, 8.0, 1.0,100000,0.940,0.06,0.00
  536, 1.0, 8.0, 1.0,100000,0.940,0.13,0.00
  537, 2.0, 8.0, 1.1,100000,0.940,0.20,0.00
  538, 2.0, 8.0, 1.2,100000,0.940,0.16,0.00
  539, 5.0, 8.0, 1.6,100000,0.939,0.23,0.00
  540, 2.0, 8.0, 1.6,100000,0.939,0.16,0.00
  541, 3.0, 8.0, 1.7,100000,0.939,0.20,0.00
  542, 1.0, 8.0, 1.7,100000,0.939,0.14,0.00
  543, 2.0, 8.0, 1.7,100000,0.939,0.19,0.00
  544, 2.0, 8.0, 1.7,100000,0.938,0.20,0.00
  545, 0.0, 8.0, 1.6,100000,0.938,0.06,0.00
  546, 7.0, 8.0, 2.1,100000,0.938,0.30,0.00
  547, 4.0, 8.0, 2.3,100000,0.938,0.27,0.00
  548, 1.0, 8.0, 2.2,100000,0.938,0.13,0.00
  549, 2.0, 8.0, 2.1,100000,0.937,0.21,0.00
  550, 1.0, 8.0, 2.0,100000,0.937,0.16,0.00
  551, 1.0, 8.0, 1.9,100000,0.937,0.15,0.00
  552, 0.0, 8.0, 1.7,100000,0.937,0.06,0.00
  553, 0.0, 8.0, 1.6,100000,0.937,0.06,0.00
  554, 3.0, 8.0, 1.7,100000,0.937,0.22,0.00
  555, 1.0, 8.0, 1.6,100000,0.937,0.15,0.00
  556, 2.0, 8.0, 1.7,100000,0.936,0.19,0.00
  557, 0.0, 8.0, 1.5,100000,0.936,0.06,0.00
  558, 1.0, 8.0, 1.5,100000,0.936,0.15,0.00
  559, 5.0, 8.0, 1.8,100000,0.936,0.27,0.00
  560, 1.0, 8.0, 1.7,100000,0.936,0.14,0.00
  561, 0.0, 8.0, 1.6,100000,0.936,0.06,0.00
  562, 2.0, 8.0, 1.6,100000,0.935,0.18,0.00
  563, 1.0, 8.0, 1.5,100000,0.935,0.14,0.00
  564, 1.0, 8.0, 1.5,100000,0.935,0.16,0.00
  565, 2.0, 8.0, 1.5,100000,0.935,0.19,0.00
  566, 2.0, 8.0, 1.6,100000,0.935,0.18,0.00
  567, 3.0, 8.0, 1.7,100000,0.935,0.20,0.00
  568, 0.0, 8.0, 1.6,100000,0.934,0.06,0.00
  569, 2.0, 8.0, 1.6,100000,0.934,0.20,0.00
  570, 0.0, 8.0, 1.4,100000,0.934,0.06,0.00
  571, 0.0, 8.0, 1.3,100000,0.934,0.06,0.00
  572, 2.0, 8.0, 1.4,100000,0.934,0.20,0.00
  573, 0.0, 8.0, 1.2,100000,0.934,0.05,0.00
  574, 3.0, 8.0, 1.4,100000,0.934,0.24,0.00
  575, 0.0, 8.0, 1.3,100000,0.933,0.06,0.00
  576, 4.0, 8.0, 1.5,100000,0.933,0.23,0.00
  577, 0.0, 8.0, 1.4,100000,0.933,0.06,0.00
  578, 0.0, 8.0, 1.2,100000,0.933,0.06,0.00
  579, 2.0, 8.0, 1.3,100000,0.933,0.21,0.00
  580, 0.0, 8.0, 1.2,100000,0.933,0.06,0.00
  581, 4.0, 8.0, 1.5,100000,0.932,0.22,0.00
  582, 4.0, 8.0, 1.7,100000,0.932,0.24,0.00
  583, 0.0, 8.0, 1.6,100000,0.932,0.05,0.00
  584, 3.0, 8.0, 1.7,100000,0.932,0.22,0.00
  585, 1.0, 8.0, 1.6,100000,0.932,0.15,0.00
  586, 3.0, 8.0, 1.8,100000,0.931,0.23,0.00
  587, 1.0, 8.0, 1.7,100000,0.931,0.16,0.00
  588, 0.0, 8.0, 1.5,100000,0.931,0.05,0.00
  589, 2.0, 8.0, 1.6,100000,0.931,0.21,0.00
  590, 2.0, 8.0, 1.6,100000,0.931,0.19,0.00
  591, 1.0, 8.0, 1.5,100000,0.931,0.16,0.00
  592, 0.0, 8.0, 1.4,100000,0.931,0.05,0.00
  593, 2.0, 8.0, 1.5,100000,0.930,0.21,0.00
  594, 2.0, 8.0, 1.5,100000,0.930,0.20,0.00
  595, 2.0, 8.0, 1.6,100000,0.930,0.18,0.00
  596, 4.0, 8.0, 1.8,100000,0.930,0.22,0.00
  597, 0.0, 8.0, 1.6,100000,0.930,0.06,0.00
  598, 1.0, 8.0, 1.6,100000,0.930,0.14,0.00
  599, 2.0, 8.0, 1.6,100000,0.929,0.18,0.00
  600, 4.0, 8.0, 1.8,100000,0.929,0.24,0.00
  601, 1.0, 8.0, 1.8,100000,0.929,0.15,0.00
  602, 1.0, 8.0, 1.7,100000,0.929,0.14,0.00
  603, 0.0, 8.0, 1.5,100000,0.929,0.06,0.00
  604, 2.0, 8.0, 1.6,100000,0.929,0.20,0.00
  605, 0.0, 8.0, 1.4,100000,0.928,0.05,0.00
  606, 0.0, 8.0, 1.3,100000,0.928,0.06,0.00
  607, 7.0, 8.0, 1.8,100000,0.928,0.28,0.00
  608, 1.0, 8.0, 1.8,100000,0.928,0.15,0.00
  609, 2.0, 8.0, 1.8,100000,0.928,0.18,0.00
  610, 1.0, 8.0, 1.7,100000,0.927,0.14,0.00
  611, 1.0, 8.0, 1.6,100000,0.927,0.16,0.00
  612, 0.0, 8.0, 1.5,100000,0.927,0.06,0.00
  613, 0.0, 8.0, 1.3,100000,0.927,0.06,0.00
  614, 3.0, 8.0, 1.5,100000,0.927,0.26,0.00
  615, 5.0, 8.0, 1.8,100000,0.927,0.24,0.00
  616, 0.0, 8.0, 1.7,100000,0.927,0.06,0.00
  617, 1.0, 8.0, 1.6,100000,0.926,0.16,0.00
  618, 2.0, 8.0, 1.6,100000,0.926,0.20,0.00
  619, 0.0, 8.0, 1.5,100000,0.926,0.05,0.00
  620, 0.0, 8.0, 1.3,100000,0.926,0.05,0.00
  621, 3.0, 8.0, 1.5,100000,0.926,0.21,0.00
  622, 0.0, 8.0, 1.3,100000,0.926,0.06,0.00
  623, 2.0, 8.0, 1.4,100000,0.925,0.18,0.00
  624, 2.0, 8.0, 1.5,100000,0.925,0.23,0.00
  625, 1.0, 8.0, 1.4,100000,0.925,0.17,0.00
  626, 0.0, 8.0, 1.3,100000,0.925,0.05,0.00
  627, 3.0, 8.0, 1.4,100000,0.925,0.23,0.00
  628, 2.0, 8.0, 1.5,100000,0.925,0.18,0.00
  629, 0.0, 8.0, 1.4,100000,0.924,0.06,0.00
  630, 2.0, 8.0, 1.4,100000,0.924,0.21,0.00
  631, 3.0, 8.0, 1.6,100000,0.924,0.29,0.00
  632, 2.0, 8.0, 1.6,100000,0.924,0.18,0.00
  633, 0.0, 8.0, 1.5,100000,0.924,0.05,0.00
  634, 0.0, 8.0, 1.3,100000,0.924,0.05,0.00
  635, 4.0, 8.0, 1.6,100000,0.923,0.22,0.00
  636, 2.0, 8.0, 1.6,100000,0.923,0.21,0.00
  637, 0.0, 8.0, 1.5,100000,0.923,0.07,0.00
  638, 1.0, 8.0, 1.4,100000,0.923,0.16,0.00
  639, 1.0, 8.0, 1.4,100000,0.923,0.16,0.00
  640, 1.0, 8.0, 1.3,100000,0.923,0.17,0.00
  641, 1.0, 8.0, 1.3,100000,0.922,0.16,0.00
  642, 2.0, 8.0, 1.4,100000,0.922,0.22,0.00
  643, 0.0, 8.0, 1.2,100000,0.922,0.06,0.00
  644, 0.0, 8.0, 1.1,100000,0.922,0.06,0.00
  645, 1.0, 8.0, 1.1,100000,0.922,0.16,0.00
  646, 4.0, 8.0, 1.4,100000,0.922,0.23,0.00
  647, 1.0, 8.0, 1.4,100000,0.922,0.17,0.00
  648, 0.0, 8.0, 1.2,100000,0.921,0.07,0.00
  649, 3.0, 8.0, 1.4,100000,0.921,0.25,0.00
  650, 0.0, 8.0, 1.3,100000,0.921,0.07,0.00
  651, 1.0, 8.0, 1.2,100000,0.921,0.18,0.00
  652, 1.0, 8.0, 1.2,100000,0.921,0.18,0.00
  653, 0.0, 8.0, 1.1,100000,0.921,0.06,0.00
  654, 1.0, 8.0, 1.1,100000,0.921,0.17,0.00
  655, 1.0, 8.0, 1.1,100000,0.920,0.16,0.00
  656, 0.0, 8.0, 1.0,100000,0.920,0.07,0.00
  657, 1.0, 8.0, 1.0,100000,0.920,0.19,0.00
  658, 0.0, 8.0, 0.9,100000,0.920,0.06,0.00
  659, 0.0, 8.0, 0.8,100000,0.920,0.07,0.00
  660, 0.0, 8.0, 0.7,100000,0.920,0.08,0.00
  661, 0.0, 8.0, 0.6,100000,0.920,0.06,0.00
  662, 1.0, 8.0, 0.7,100000,0.920,0.19,0.00
  663, 2.0, 8.0, 0.8,100000,0.919,0.24,0.00
  664, 1.0, 8.0, 0.8,100000,0.919,0.17,0.00
  665, 2.0, 8.0, 0.9,100000,0.919,0.22,0.00
  666, 3.0, 8.0, 1.1,100000,0.919,0.25,0.00
  667, 0.0, 8.0, 1.0,100000,0.919,0.07,0.00
  668, 0.0, 8.0, 0.9,100000,0.919,0.07,0.00
  669, 0.0, 8.0, 0.8,100000,0.919,0.06,0.00
  670, 1.0, 8.0, 0.9,100000,0.918,0.18,0.00
  671, 1.0, 8.0, 0.9,100000,0.918,0.18,0.00
  672, 1.0, 8.0, 0.9,100000,0.918,0.18,0.00
  673, 1.0, 8.0, 0.9,100000,0.918,0.18,0.00
  674, 2.0, 8.0, 1.0,100000,0.918,0.24,0.00
  675, 0.0, 8.0, 0.9,100000,0.918,0.08,0.00
  676, 2.0, 8.0, 1.0,100000,0.918,0.22,0.00
  677, 2.0, 8.0, 1.1,100000,0.917,0.22,0.00
  678, 3.0, 8.0, 1.3,100000,0.917,0.23,0.00
  679, 2.0, 8.0, 1.4,100000,0.917,0.22,0.00
  680, 2.0, 8.0, 1.4,100000,0.917,0.23,0.00
  681, 3.0, 8.0, 1.6,100000,0.917,0.29,0.00
  682, 1.0, 8.0, 1.5,100000,0.916,0.17,0.00
  683, 3.0, 8.0, 1.7,100000,0.916,0.27,0.00
  684, 0.0, 8.0, 1.5,100000,0.916,0.07,0.00
  685, 0.0, 8.0, 1.4,100000,0.916,0.06,0.00
  686, 3.0, 8.0, 1.5,100000,0.916,0.23,0.00
  687, 1.0, 8.0, 1.5,100000,0.916,0.18,0.00
  688, 1.0, 8.0, 1.4,100000,0.915,0.18,0.00
  689, 2.0, 8.0, 1.5,100000,0.915,0.23,0.00
  690, 2.0, 8.0, 1.5,100000,0.915,0.23,0.00
  691, 0.0, 8.0, 1.4,100000,0.915,0.06,0.00
  692, 2.0, 8.0, 1.4,100000,0.915,0.23,0.00
  693, 0.0, 8.0, 1.3,100000,0.915,0.06,0.00
  694, 3.0, 8.0, 1.5,100000,0.915,0.27,0.00
  695, 2.0, 8.0, 1.5,100000,0.914,0.22,0.00
  696, 5.0, 8.0, 1.9,100000,0.914,0.25,0.00
  697, 0.0, 8.0, 1.7,100000,0.914,0.07,0.00
  698, 3.0, 8.0, 1.8,100000,0.914,0.23,0.00
  699, 2.0, 8.0, 1.8,100000,0.913,0.26,0.00
  700, 1.0, 8.0, 1.7,100000,0.913,0.17,0.00
  701, 0.0, 8.0, 1.6,100000,0.913,0.07,0.00
  702, 1.0, 8.0, 1.5,100000,0.913,0.21,0.00
  703, 2.0, 8.0, 1.6,100000,0.913,0.27,0.00
  704, 3.0, 8.0, 1.7,100000,0.913,0.29,0.00
  705, 1.0, 8.0, 1.6,100000,0.913,0.16,0.00
  706, 3.0, 8.0, 1.8,100000,0.912,0.26,0.00
  707, 0.0, 8.0, 1.6,100000,0.912,0.07,0.00
  708, 1.0, 8.0, 1.5,100000,0.912,0.18,0.00
  709, 1.0, 8.0, 1.5,100000,0.912,0.19,0.00
  710, 1.0, 8.0, 1.4,100000,0.912,0.15,0.00
  711, 0.0, 8.0, 1.3,100000,0.912,0.07,0.00
  712, 1.0, 8.0, 1.3,100000,0.912,0.18,0.00
  713, 0.0, 8.0, 1.1,100000,0.911,0.07,0.00
  714, 1.0, 8.0, 1.1,100000,0.911,0.19,0.00
  715, 2.0, 8.0, 1.2,100000,0.911,0.25,0.00
  716, 1.0, 8.0, 1.2,100000,0.911,0.17,0.00
  717, 0.0, 8.0, 1.1,100000,0.911,0.06,0.00
  718, 0.0, 8.0, 1.0,100000,0.911,0.07,0.00
  719, 0.0, 8.0, 0.9,100000,0.911,0.07,0.00
  720, 0.0, 8.0, 0.8,100000,0.911,0.07,0.00
  721, 0.0, 8.0, 0.7,100000,0.910,0.06,0.00
  722, 0.0, 8.0, 0.6,100000,0.910,0.06,0.00
  723, 3.0, 8.0, 0.9,100000,0.910,0.29,0.00
  724, 2.0, 8.0, 1.0,100000,0.910,0.23,0.00
  725, 5.0, 8.0, 1.4,100000,0.910,0.32,0.00
  726, 3.0, 8.0, 1.5,100000,0.909,0.28,0.00
  727, 2.0, 8.0, 1.6,100000,0.909,0.23,0.00
  728, 1.0, 8.0, 1.5,100000,0.909,0.19,0.00
  729, 0.0, 8.0, 1.4,100000,0.909,0.07,0.00
  730, 1.0, 8.0, 1.3,100000,0.909,0.18,0.00
  731, 0.0, 8.0, 1.2,100000,0.909,0.07,0.00
  732, 0.0, 8.0, 1.1,100000,0.909,0.06,0.00
  733, 1.0, 8.0, 1.1,100000,0.908,0.19,0.00
  734, 1.0, 8.0, 1.1,100000,0.908,0.18,0.00
  735, 1.0, 8.0, 1.1,100000,0.908,0.17,0.00
  736, 1.0, 8.0, 1.1,100000,0.908,0.20,0.00
  737, 1.0, 8.0, 1.1,100000,0.908,0.18,0.00
  738, 0.0, 8.0, 0.9,100000,0.908,0.06,0.00
  739, 1.0, 8.0, 1.0,100000,0.908,0.17,0.00
  740, 1.0, 8.0, 1.0,100000,0.907,0.18,0.00
  741, 3.0, 8.0, 1.2,100000,0.907,0.27,0.00
  742, 2.0, 8.0, 1.2,100000,0.907,0.21,0.00
  743, 4.0, 8.0, 1.5,100000,0.907,0.26,0.00
  744, 2.0, 8.0, 1.6,100000,0.907,0.21,0.00
  745, 0.0, 8.0, 1.4,100000,0.907,0.07,0.00
  746, 1.0, 8.0, 1.4,100000,0.906,0.17,0.00
  747, 1.0, 8.0, 1.3,100000,0.906,0.18,0.00
  748, 5.0, 8.0, 1.7,100000,0.906,0.31,0.00
  749, 4.0, 8.0, 1.9,100000,0.906,0.28,0.00
  750, 1.0, 8.0, 1.8,100000,0.905,0.19,0.00
  751, 0.0, 8.0, 1.7,100000,0.905,0.06,0.00
  752, 0.0, 8.0, 1.5,100000,0.905,0.06,0.00
  753, 0.0, 8.0, 1.3,100000,0.905,0.07,0.00
  754, 2.0, 8.0, 1.4,100000,0.905,0.20,0.00
  755, 2.0, 8.0, 1.5,100000,0.905,0.25,0.00
  756, 1.0, 8.0, 1.4,100000,0.905,0.16,0.00
  757, 0.0, 8.0, 1.3,100000,0.905,0.07,0.00
  758, 1.0, 8.0, 1.2,100000,0.904,0.17,0.00
  759, 0.0, 8.0, 1.1,100000,0.904,0.06,0.00
  760, 3.0, 8.0, 1.3,100000,0.904,0.30,0.00
  761, 1.0, 8.0, 1.3,100000,0.904,0.19,0.00
  762, 1.0, 8.0, 1.3,100000,0.904,0.17,0.00
  763, 1.0, 8.0, 1.2,100000,0.904,0.20,0.00
  764, 0.0, 8.0, 1.1,100000,0.904,0.07,0.00
  765, 1.0, 8.0, 1.1,100000,0.903,0.22,0.00
  766, 0.0, 8.0, 1.0,100000,0.903,0.07,0.00
  767, 1.0, 8.0, 1.0,100000,0.903,0.16,0.00
  768, 0.0, 8.0, 0.9,100000,0.903,0.08,0.00
  769, 0.0, 8.0, 0.8,100000,0.903,0.10,0.00
  770, 1.0, 8.0, 0.8,100000,0.903,0.19,0.00
  771, 0.0, 8.0, 0.7,100000,0.903,0.08,0.00
  772, 2.0, 8.0, 0.9,100000,0.902,0.26,0.00
  773, 2.0, 8.0, 1.0,100000,0.902,0.26,0.00
  774, 1.0, 8.0, 1.0,100000,0.902,0.18,0.00
  775, 0.0, 8.0, 0.9,100000,0.902,0.07,0.00
  776,11.0,11.0, 1.9,100000,0.902,0.33,0.00
  777, 0.0,11.0, 1.7,100000,0.902,0.09,0.00
  778, 4.0,11.0, 1.9,100000,0.901,0.34,0.00
  779, 0.0,11.0, 1.7,100000,0.901,0.07,0.00
  780, 1.0,11.0, 1.7,100000,0.901,0.19,0.00
  781, 1.0,11.0, 1.6,100000,0.901,0.21,0.00
  782, 2.0,11.0, 1.6,100000,0.901,0.27,0.00
  783, 0.0,11.0, 1.5,100000,0.901,0.07,0.00
  784, 3.0,11.0, 1.6,100000,0.900,0.29,0.00
  785, 1.0,11.0, 1.6,100000,0.900,0.22,0.00
  786, 0.0,11.0, 1.4,100000,0.900,0.08,0.00
  787, 0.0,11.0, 1.3,100000,0.900,0.08,0.00
  788, 1.0,11.0, 1.2,100000,0.900,0.20,0.00
  789, 1.0,11.0, 1.2,100000,0.900,0.20,0.00
  790, 0.0,11.0, 1.1,100000,0.900,0.07,0.00
  791, 3.0,11.0, 1.3,100000,0.900,0.25,0.00
  792, 2.0,11.0, 1.4,100000,0.899,0.28,0.00
  793, 0.0,11.0, 1.2,100000,0.899,0.07,0.00
  794, 2.0,11.0, 1.3,100000,0.899,0.24,0.00
  795, 3.0,11.0, 1.5,100000,0.899,0.34,0.00
  796, 0.0,11.0, 1.3,100000,0.899,0.07,0.00
  797, 1.0,11.0, 1.3,100000,0.899,0.20,0.00
  798, 0.0,11.0, 1.2,100000,0.898,0.08,0.00
  799, 1.0,11.0, 1.1,100000,0.898,0.17,0.00
  800, 1.0,11.0, 1.1,100000,0.898,0.20,0.00
  801, 2.0,11.0, 1.2,100000,0.898,0.26,0.00
  802, 2.0,11.0, 1.3,100000,0.898,0.26,0.00
  803, 0.0,11.0, 1.2,100000,0.898,0.07,0.00
  804, 0.0,11.0, 1.0,100000,0.898,0.07,0.00
  805, 1.0,11.0, 1.0,100000,0.897,0.19,0.00
  806, 1.0,11.0, 1.0,100000,0.897,0.20,0.00
  807, 2.0,11.0, 1.1,100000,0.897,0.25,0.00
  808, 0.0,11.0, 1.0,100000,0.897,0.07,0.00
  809, 0.0,11.0, 0.9,100000,0.897,0.08,0.00
  810, 0.0,11.0, 0.8,100000,0.897,0.07,0.00
  811, 0.0,11.0, 0.7,100000,0.897,0.08,0.00
  812, 1.0,11.0, 0.8,100000,0.897,0.17,0.00
  813, 0.0,11.0, 0.7,100000,0.896,0.07,0.00
  814, 0.0,11.0, 0.6,100000,0.896,0.07,0.00
  815, 3.0,11.0, 0.9,100000,0.896,0.31,0.00
  816, 2.0,11.0, 1.0,100000,0.896,0.26,0.00
  817, 1.0,11.0, 1.0,100000,0.896,0.19,0.00
  818, 0.0,11.0, 0.9,100000,0.896,0.08,0.00
  819, 2.0,11.0, 1.0,100000,0.896,0.28,0.00
  820, 0.0,11.0, 0.9,100000,0.895,0.08,0.00
  821, 1.0,11.0, 0.9,100000,0.895,0.19,0.00
  822, 0.0,11.0, 0.8,100000,0.895,0.07,0.00
  823, 0.0,11.0, 0.7,100000,0.895,0.06,0.00
  824, 0.0,11.0, 0.7,100000,0.895,0.07,0.00
  825, 0.0,11.0, 0.6,100000,0.895,0.08,0.00
  826, 1.0,11.0, 0.6,100000,0.895,0.19,0.00
  827, 0.0,11.0, 0.6,100000,0.895,0.08,0.00
  828, 1.0,11.0, 0.6,100000,0.894,0.21,0.00
  829, 2.0,11.0, 0.8,100000,0.894,0.32,0.00
  830, 0.0,11.0, 0.7,100000,0.894,0.07,0.00
  831, 1.0,11.0, 0.7,100000,0.894,0.23,0.00
  832, 3.0,11.0, 0.9,100000,0.894,0.28,0.00
  833, 2.0,11.0, 1.0,100000,0.894,0.28,0.00
  834, 1.0,11.0, 1.0,100000,0.894,0.24,0.00
  835, 2.0,11.0, 1.1,100000,0.893,0.26,0.00
  836, 0.0,11.0, 1.0,100000,0.893,0.08,0.00
  837, 0.0,11.0, 0.9,100000,0.893,0.07,0.00
  838, 1.0,11.0, 0.9,100000,0.893,0.21,0.00
  839, 0.0,11.0, 0.8,100000,0.893,0.11,0.00
  840, 2.0,11.0, 1.0,100000,0.893,0.29,0.00
  841, 3.0,11.0, 1.2,100000,0.893,0.34,0.00
  842, 0.0,11.0, 1.0,100000,0.892,0.07,0.00
  843, 3.0,11.0, 1.2,100000,0.892,0.37,0.00
  844, 1.0,11.0, 1.2,100000,0.892,0.20,0.00
  845, 1.0,11.0, 1.2,100000,0.892,0.20,0.00
  846, 2.0,11.0, 1.3,100000,0.892,0.28,0.00
  847, 1.0,11.0, 1.2,100000,0.892,0.21,0.00
  848, 0.0,11.0, 1.1,100000,0.891,0.08,0.00
  849, 0.0,11.0, 1.0,100000,0.891,0.07,0.00
  850, 1.0,11.0, 1.0,100000,0.891,0.22,0.00
  851, 0.0,11.0, 0.9,100000,0.891,0.09,0.00
  852, 1.0,11.0, 0.9,100000,0.891,0.24,0.00
  853, 1.0,11.0, 0.9,100000,0.891,0.22,0.00
  854, 2.0,11.0, 1.0,100000,0.891,0.29,0.00
  855, 2.0,11.0, 1.1,100000,0.890,0.30,0.00
  856, 3.0,11.0, 1.3,100000,0.890,0.35,0.00
  857, 3.0,11.0, 1.5,100000,0.890,0.34,0.00
  858, 1.0,11.0, 1.4,100000,0.890,0.22,0.00
  859, 2.0,11.0, 1.5,100000,0.890,0.27,0.00
  860, 0.0,11.0, 1.3,100000,0.890,0.07,0.00
  861, 2.0,11.0, 1.4,100000,0.889,0.28,0.00
  862, 2.0,11.0, 1.5,100000,0.889,0.27,0.00
  863, 0.0,11.0, 1.3,100000,0.889,0.08,0.00
  864, 2.0,11.0, 1.4,100000,0.889,0.30,0.00
  865, 3.0,11.0, 1.6,100000,0.889,0.32,0.00
  866, 3.0,11.0, 1.7,100000,0.889,0.32,0.00
  867, 3.0,11.0, 1.8,100000,0.888,0.37,0.00
  868, 2.0,11.0, 1.8,100000,0.888,0.29,0.00
  869, 1.0,11.0, 1.8,100000,0.888,0.20,0.00
  870, 3.0,11.0, 1.9,100000,0.888,0.36,0.00
  871, 1.0,11.0, 1.8,100000,0.888,0.24,0.00
  872, 1.0,11.0, 1.7,100000,0.887,0.20,0.00
  873, 2.0,11.0, 1.7,100000,0.887,0.29,0.00
  874, 3.0,11.0, 1.9,100000,0.887,0.34,0.00
  875, 0.0,11.0, 1.7,100000,0.887,0.12,0.00
  876, 1.0,11.0, 1.6,100000,0.887,0.25,0.00
  877, 1.0,11.0, 1.6,100000,0.887,0.26,0.00
  878, 1.0,11.0, 1.5,100000,0.887,0.24,0.00
  879, 4.0,11.0, 1.7,100000,0.886,0.45,0.00
  880, 2.0,11.0, 1.8,100000,0.886,0.29,0.00
  881, 0.0,11.0, 1.6,100000,0.886,0.15,0.00
  882, 3.0,11.0, 1.7,100000,0.886,0.34,0.00
  883, 1.0,11.0, 1.7,100000,0.886,0.26,0.00
  884, 1.0,11.0, 1.6,100000,0.885,0.29,0.00
  885, 0.0,11.0, 1.4,100000,0.885,0.10,0.00
  886, 3.0,11.0, 1.6,100000,0.885,0.35,0.00
  887, 1.0,11.0, 1.5,100000,0.885,0.28,0.00
  888, 1.0,11.0, 1.5,100000,0.885,0.23,0.00
  889, 1.0,11.0, 1.4,100000,0.885,0.24,0.00
  890, 1.0,11.0, 1.4,100000,0.885,0.22,0.00
  891, 5.0,11.0, 1.8,100000,0.884,0.40,0.00
  892, 1.0,11.0, 1.7,100000,0.884,0.26,0.00
  893, 2.0,11.0, 1.7,100000,0.884,0.31,0.00
  894, 2.0,11.0, 1.7,100000,0.884,0.34,0.00
  895, 1.0,11.0, 1.7,100000,0.884,0.32,0.00
  896, 1.0,11.0, 1.6,100000,0.884,0.30,0.00
  897, 5.0,11.0, 1.9,100000,0.883,0.43,0.00
  898, 1.0,11.0, 1.8,100000,0.883,0.34,0.00
  899, 1.0,11.0, 1.8,100000,0.883,0.27,0.00
  900, 3.0,11.0, 1.9,100000,0.883,0.33,0.00
  901, 0.0,11.0, 1.7,100000,0.883,0.13,0.00
  902, 1.0,11.0, 1.6,100000,0.883,0.33,0.00
  903, 0.0,11.0, 1.5,100000,0.882,0.10,0.00
  904, 3.0,11.0, 1.6,100000,0.882,0.42,0.00
  905, 1.0,11.0, 1.6,100000,0.882,0.20,0.00
  906, 0.0,11.0, 1.4,100000,0.882,0.16,0.00
  907, 1.0,11.0, 1.4,100000,0.882,0.31,0.00
  908, 3.0,11.0, 1.5,100000,0.882,0.36,0.00
  909, 0.0,11.0, 1.4,100000,0.881,0.13,0.00
  910, 4.0,11.0, 1.6,100000,0.881,0.37,0.00
  911, 3.0,11.0, 1.8,100000,0.881,0.37,0.00
  912, 1.0,11.0, 1.7,100000,0.881,0.28,0.00
  913, 3.0,11.0, 1.8,100000,0.881,0.42,0.00
  914, 1.0,11.0, 1.7,100000,0.880,0.28,0.00
  915, 1.0,11.0, 1.7,100000,0.880,0.32,0.00
  916, 0.0,11.0, 1.5,100000,0.880,0.14,0.00
  917, 0.0,11.0, 1.4,100000,0.880,0.10,0.00
  918, 0.0,11.0, 1.2,100000,0.880,0.13,0.00
  919, 0.0,11.0, 1.1,100000,0.880,0.09,0.00
  920, 3.0,11.0, 1.3,100000,0.880,0.42,0.00
  921, 1.0,11.0, 1.3,100000,0.880,0.32,0.00
  922, 3.0,11.0, 1.4,100000,0.879,0.45,0.00
  923, 0.0,11.0, 1.3,100000,0.879,0.21,0.00
  924, 2.0,11.0, 1.4,100000,0.879,0.31,0.00
  925, 1.0,11.0, 1.3,100000,0.879,0.36,0.00
  926, 0.0,11.0, 1.2,100000,0.879,0.17,0.00
  927, 1.0,11.0, 1.2,100000,0.879,0.27,0.00
  928, 1.0,11.0, 1.2,100000,0.879,0.27,0.00
  929, 3.0,11.0, 1.3,100000,0.878,0.42,0.00
  930, 0.0,11.0, 1.2,100000,0.878,0.16,0.00
  931, 0.0,11.0, 1.1,100000,0.878,0.16,0.00
  932, 3.0,11.0, 1.3,100000,0.878,0.37,0.00
  933, 0.0,11.0, 1.1,100000,0.878,0.14,0.00
  934, 1.0,11.0, 1.1,100000,0.878,0.31,0.00
  935, 4.0,11.0, 1.4,100000,0.877,0.46,0.00
  936, 0.0,11.0, 1.3,100000,0.877,0.13,0.00
  937, 3.0,11.0, 1.5,100000,0.877,0.41,0.00
  938, 2.0,11.0, 1.5,100000,0.877,0.31,0.00
  939, 2.0,11.0, 1.6,100000,0.877,0.33,0.00
  940, 1.0,11.0, 1.5,100000,0.877,0.26,0.00
  941, 0.0,11.0, 1.3,100000,0.876,0.08,0.00
  942, 2.0,11.0, 1.4,100000,0.876,0.33,0.00
  943, 1.0,11.0, 1.4,100000,0.876,0.28,0.00
  944, 0.0,11.0, 1.2,100000,0.876,0.12,0.00
  945, 1.0,11.0, 1.2,100000,0.876,0.31,0.00
  946, 0.0,11.0, 1.1,100000,0.876,0.08,0.00
  947, 4.0,11.0, 1.4,100000,0.876,0.43,0.00
  948, 3.0,11.0, 1.5,100000,0.875,0.43,0.00
  949, 0.0,11.0, 1.4,100000,0.875,0.10,0.00
  950, 0.0,11.0, 1.3,100000,0.875,0.10,0.00
  951, 3.0,11.0, 1.4,100000,0.875,0.40,0.00
  952, 2.0,11.0, 1.5,100000,0.875,0.38,0.00
  953, 1.0,11.0, 1.4,100000,0.875,0.26,0.00
  954, 0.0,11.0, 1.3,100000,0.874,0.12,0.00
  955, 1.0,11.0, 1.3,100000,0.874,0.32,0.00
  956, 2.0,11.0, 1.3,100000,0.874,0.36,0.00
  957, 1.0,11.0, 1.3,100000,0.874,0.31,0.00
  958, 1.0,11.0, 1.3,100000,0.874,0.32,0.00
  959, 2.0,11.0, 1.3,100000,0.874,0.38,0.00
  960, 3.0,11.0, 1.5,100000,0.873,0.41,0.00
  961, 0.0,11.0, 1.4,100000,0.873,0.12,0.00
  962, 2.0,11.0, 1.4,100000,0.873,0.39,0.00
  963, 2.0,11.0, 1.5,100000,0.873,0.35,0.00
  964, 1.0,11.0, 1.4,100000,0.873,0.29,0.00
  965, 1.0,11.0, 1.4,100000,0.873,0.30,0.00
  966, 2.0,11.0, 1.5,100000,0.873,0.36,0.00
  967, 0.0,11.0, 1.3,100000,0.872,0.10,0.00
  968, 3.0,11.0, 1.5,100000,0.872,0.42,0.00
  969, 1.0,11.0, 1.4,100000,0.872,0.33,0.00
  970, 4.0,11.0, 1.7,100000,0.872,0.44,0.00
  971, 3.0,11.0, 1.8,100000,0.872,0.35,0.00
  972, 0.0,11.0, 1.6,100000,0.872,0.10,0.00
  973, 1.0,11.0, 1.6,100000,0.871,0.30,0.00
  974, 0.0,11.0, 1.4,100000,0.871,0.10,0.00
  975, 1.0,11.0, 1.4,100000,0.871,0.26,0.00
  976, 0.0,11.0, 1.2,100000,0.871,0.22,0.00
  977, 0.0,11.0, 1.1,100000,0.871,0.14,0.00
  978, 0.0,11.0, 1.0,100000,0.871,0.14,0.00
  979, 1.0,11.0, 1.0,100000,0.871,0.31,0.00
  980, 2.0,11.0, 1.1,100000,0.871,0.41,0.00
  981, 1.0,11.0, 1.1,100000,0.870,0.37,0.00
  982, 4.0,11.0, 1.4,100000,0.870,0.44,0.00
  983, 2.0,11.0, 1.4,100000,0.870,0.40,0.00
  984, 1.0,11.0, 1.4,100000,0.870,0.32,0.00
  985, 1.0,11.0, 1.4,100000,0.870,0.36,0.00
  986, 2.0,11.0, 1.4,100000,0.869,0.44,0.00
  987, 0.0,11.0, 1.3,100000,0.869,0.22,0.00
  988, 3.0,11.0, 1.5,100000,0.869,0.37,0.00
  989, 2.0,11.0, 1.5,100000,0.869,0.44,0.00
  990, 0.0,11.0, 1.4,100000,0.869,0.12,0.00
  991, 0.0,11.0, 1.2,100000,0.869,0.13,0.00
  992, 1.0,11.0, 1.2,100000,0.869,0.41,0.00
  993, 1.0,11.0, 1.2,100000,0.868,0.32,0.00
  994, 2.0,11.0, 1.3,100000,0.868,0.44,0.00
  995, 2.0,11.0, 1.3,100000,0.868,0.38,0.00
  996, 2.0,11.0, 1.4,100000,0.868,0.33,0.00
  997, 2.0,11.0, 1.5,100000,0.868,0.35,0.00
  998, 0.0,11.0, 1.3,100000,0.868,0.16,0.00
  999, 2.0,11.0, 1.4,100000,0.867,0.38,0.00
 1000, 1.0,11.0, 1.3,100000,0.867,0.28,0.00
 1001, 2.0,11.0, 1.4,100000,0.867,0.45,0.00
 1002, 0.0,11.0, 1.3,100000,0.867,0.10,0.00
 1003, 0.0,11.0, 1.1,100000,0.867,0.08,0.00
 1004, 0.0,11.0, 1.0,100000,0.867,0.24,0.00
 1005, 2.0,11.0, 1.1,100000,0.867,0.44,0.00
 1006, 2.0,11.0, 1.2,100000,0.866,0.39,0.00
 1007, 0.0,11.0, 1.1,100000,0.866,0.10,0.00
 1008, 3.0,11.0, 1.3,100000,0.866,0.38,0.00
 1009, 1.0,11.0, 1.3,100000,0.866,0.37,0.00
 1010, 1.0,11.0, 1.2,100000,0.866,0.39,0.00
 1011, 6.0,11.0, 1.7,100000,0.866,0.51,0.00
 1012, 2.0,11.0, 1.7,100000,0.865,0.36,0.00
 1013, 2.0,11.0, 1.8,100000,0.865,0.43,0.00
 1014, 2.0,11.0, 1.8,100000,0.865,0.34,0.00
 1015, 1.0,11.0, 1.7,100000,0.865,0.35,0.00
 1016, 1.0,11.0, 1.6,100000,0.865,0.33,0.00
 1017, 0.0,11.0, 1.5,100000,0.865,0.22,0.00
 1018, 2.0,11.0, 1.5,100000,0.864,0.40,0.00
 1019, 2.0,11.0, 1.6,100000,0.864,0.32,0.00
 1020, 3.0,11.0, 1.7,100000,0.864,0.56,0.00
 1021, 2.0,11.0, 1.7,100000,0.864,0.42,0.00
 1022, 4.0,11.0, 2.0,100000,0.864,0.46,0.00
 1023, 2.0,11.0, 2.0,100000,0.863,0.39,0.00
 1024, 1.0,11.0, 1.9,100000,0.863,0.33,0.00
 1025, 2.0,11.0, 1.9,100000,0.863,0.42,0.00
 1026, 1.0,11.0, 1.8,100000,0.863,0.41,0.00
 1027, 3.0,11.0, 1.9,100000,0.863,0.56,0.00
 1028, 1.0,11.0, 1.8,100000,0.863,0.39,0.00
 1029, 1.0,11.0, 1.7,100000,0.862,0.32,0.00
 1030, 2.0,11.0, 1.8,100000,0.862,0.43,0.00
 1031, 3.0,11.0, 1.9,100000,0.862,0.45,0.00
 1032, 0.0,11.0, 1.7,100000,0.862,0.27,0.00
 1033, 3.0,11.0, 1.8,100000,0.862,0.54,0.00
 1034, 0.0,11.0, 1.7,100000,0.862,0.17,0.00
 1035, 2.0,11.0, 1.7,100000,0.861,0.41,0.00
 1036, 2.0,11.0, 1.7,100000,0.861,0.48,0.00
 1037, 3.0,11.0, 1.8,100000,0.861,0.48,0.00
 1038, 5.0,11.0, 2.2,100000,0.861,0.58,0.00
 1039, 2.0,11.0, 2.1,100000,0.861,0.49,0.00
 1040, 0.0,11.0, 1.9,100000,0.860,0.28,0.00
 1041, 0.0,11.0, 1.7,100000,0.860,0.18,0.00
 1042, 1.0,11.0, 1.7,100000,0.860,0.44,0.00
 1043, 1.0,11.0, 1.6,100000,0.860,0.38,0.00
 1044, 0.0,11.0, 1.4,100000,0.860,0.32,0.00
 1045, 2.0,11.0, 1.5,100000,0.860,0.54,0.00
 1046, 0.0,11.0, 1.3,100000,0.860,0.14,0.00
 1047, 2.0,11.0, 1.4,100000,0.859,0.66,0.00
 1048, 3.0,11.0, 1.6,100000,0.859,0.52,0.00
 1049, 2.0,11.0, 1.6,100000,0.859,0.42,0.00
 1050, 2.0,11.0, 1.7,100000,0.859,0.47,0.00
 1051, 2.0,11.0, 1.7,100000,0.859,0.53,0.00
 1052, 4.0,11.0, 1.9,100000,0.859,0.57,0.00
 1053, 1.0,11.0, 1.8,100000,0.858,0.33,0.00
 1054, 2.0,11.0, 1.8,100000,0.858,0.56,0.00
 1055, 0.0,11.0, 1.7,100000,0.858,0.34,0.00
 1056, 0.0,11.0, 1.5,100000,0.858,0.23,0.00
 1057, 1.0,11.0, 1.4,100000,0.858,0.38,0.00
 1058, 2.0,11.0, 1.5,100000,0.858,0.42,0.00
 1059, 0.0,11.0, 1.3,100000,0.858,0.37,0.00
 1060, 3.0,11.0, 1.5,100000,0.857,0.56,0.00
 1061, 3.0,11.0, 1.7,100000,0.857,0.47,0.00
 1062, 2.0,11.0, 1.7,100000,0.857,0.52,0.00
 1063, 2.0,11.0, 1.7,100000,0.857,0.45,0.00
 1064, 2.0,11.0, 1.8,100000,0.857,0.49,0.00
 1065, 0.0,11.0, 1.6,100000,0.857,0.30,0.00
 1066, 2.0,11.0, 1.6,100000,0.856,0.40,0.00
 1067, 3.0,11.0, 1.8,100000,0.856,0.61,0.00
 1068, 1.0,11.0, 1.7,100000,0.856,0.57,0.00
 1069, 1.0,11.0, 1.6,100000,0.856,0.43,0.00
 1070, 2.0,11.0, 1.7,100000,0.856,0.51,0.00
 1071, 2.0,11.0, 1.7,100000,0.855,0.53,0.00
 1072, 3.0,11.0, 1.8,100000,0.855,0.63,0.00
 1073, 3.0,11.0, 1.9,100000,0.855,0.60,0.00
 1074, 1.0,11.0, 1.8,100000,0.855,0.45,0.00
 1075, 0.0,11.0, 1.7,100000,0.855,0.32,0.00
 1076, 1.0,11.0, 1.6,100000,0.855,0.45,0.00
 1077, 1.0,11.0, 1.5,100000,0.854,0.49,0.00
 1078, 3.0,11.0, 1.7,100000,0.854,0.63,0.00
 1079, 1.0,11.0, 1.6,100000,0.854,0.44,0.00
 1080, 0.0,11.0, 1.5,100000,0.854,0.35,0.00
 1081, 2.0,11.0, 1.5,100000,0.854,0.67,0.00
 1082, 1.0,11.0, 1.5,100000,0.854,0.34,0.00
 1083, 3.0,11.0, 1.6,100000,0.853,0.60,0.00
 1084, 1.0,11.0, 1.5,100000,0.853,0.50,0.00
 1085, 3.0,11.0, 1.7,100000,0.853,0.56,0.00
 1086, 0.0,11.0, 1.5,100000,0.853,0.29,0.00
 1087, 1.0,11.0, 1.5,100000,0.853,0.49,0.00
 1088, 1.0,11.0, 1.4,100000,0.853,0.47,0.00
 1089, 5.0,11.0, 1.8,100000,0.852,0.69,0.00
 1090, 2.0,11.0, 1.8,100000,0.852,0.52,0.00
 1091, 1.0,11.0, 1.7,100000,0.852,0.54,0.00
 1092, 1.0,11.0, 1.7,100000,0.852,0.49,0.00
 1093, 2.0,11.0, 1.7,100000,0.852,0.64,0.00
 1094, 2.0,11.0, 1.7,100000,0.852,0.45,0.00
 1095, 4.0,11.0, 1.9,100000,0.851,0.55,0.00
 1096, 0.0,11.0, 1.8,100000,0.851,0.19,0.00
 1097, 1.0,11.0, 1.7,100000,0.851,0.58,0.00
 1098, 2.0,11.0, 1.7,100000,0.851,0.56,0.00
 1099, 1.0,11.0, 1.6,100000,0.851,0.55,0.00
 1100, 2.0,11.0, 1.7,100000,0.851,0.62,0.00
 1101, 3.0,11.0, 1.8,100000,0.850,0.61,0.00
 1102, 1.0,11.0, 1.7,100000,0.850,0.48,0.00
 1103, 2.0,11.0, 1.8,100000,0.850,0.42,0.00
 1104, 2.0,11.0, 1.8,100000,0.850,0.64,0.00
 1105, 2.0,11.0, 1.8,100000,0.850,0.51,0.00
 1106, 2.0,11.0, 1.8,100000,0.849,0.43,0.00
 1107, 2.0,11.0, 1.8,100000,0.849,0.69,0.00
 1108, 2.0,11.0, 1.9,100000,0.849,0.54,0.00
 1109, 3.0,11.0, 2.0,100000,0.849,0.57,0.00
 1110, 1.0,11.0, 1.9,100000,0.849,0.45,0.00
 1111, 2.0,11.0, 1.9,100000,0.849,0.50,0.00
 1112, 6.0,11.0, 2.3,100000,0.848,0.61,0.00
 1113, 1.0,11.0, 2.2,100000,0.848,0.49,0.00
 1114, 1.0,11.0, 2.1,100000,0.848,0.51,0.00
 1115, 1.0,11.0, 1.9,100000,0.848,0.57,0.00
 1116, 3.0,11.0, 2.1,100000,0.848,0.71,0.00
 1117, 3.0,11.0, 2.1,100000,0.847,0.64,0.00
 1118, 3.0,11.0, 2.2,100000,0.847,0.63,0.00
 1119, 0.0,11.0, 2.0,100000,0.847,0.42,0.00
 1120, 3.0,11.0, 2.1,100000,0.847,0.59,0.00
 1121, 1.0,11.0, 2.0,100000,0.847,0.58,0.00
 1122, 3.0,11.0, 2.1,100000,0.846,0.53,0.00
 1123, 2.0,11.0, 2.1,100000,0.846,0.57,0.00
 1124, 0.0,11.0, 1.9,100000,0.846,0.46,0.00
 1125, 0.0,11.0, 1.7,100000,0.846,0.32,0.00
 1126, 0.0,11.0, 1.5,100000,0.846,0.55,0.00
 1127, 5.0,11.0, 1.9,100000,0.846,0.75,0.00
 1128, 3.0,11.0, 2.0,100000,0.845,0.53,0.00
 1129, 2.0,11.0, 2.0,100000,0.845,0.54,0.00
 1130, 7.0,11.0, 2.5,100000,0.845,0.63,0.00
 1131, 0.0,11.0, 2.2,100000,0.845,0.42,0.00
 1132, 2.0,11.0, 2.2,100000,0.845,0.59,0.00
 1133, 3.0,11.0, 2.3,100000,0.844,0.75,0.00
 1134, 4.0,11.0, 2.5,100000,0.844,0.65,0.00
 1135, 2.0,11.0, 2.4,100000,0.844,0.62,0.00
 1136, 2.0,11.0, 2.4,100000,0.844,0.57,0.00
 1137, 1.0,11.0, 2.2,100000,0.844,0.61,0.00
 1138, 1.0,11.0, 2.1,100000,0.843,0.52,0.00
 1139, 1.0,11.0, 2.0,100000,0.843,0.46,0.00
 1140, 2.0,11.0, 2.0,100000,0.843,0.64,0.00
 1141, 2.0,11.0, 2.0,100000,0.843,0.58,0.00
 1142, 4.0,11.0, 2.2,100000,0.843,0.65,0.00
 1143, 1.0,11.0, 2.1,100000,0.843,0.46,0.00
 1144, 2.0,11.0, 2.1,100000,0.842,0.59,0.00
 1145, 2.0,11.0, 2.1,100000,0.842,0.74,0.00
 1146, 2.0,11.0, 2.1,100000,0.842,0.59,0.00
 1147, 1.0,11.0, 2.0,100000,0.842,0.44,0.00
 1148, 2.0,11.0, 2.0,100000,0.842,0.47,0.00
 1149, 3.0,11.0, 2.1,100000,0.841,0.64,0.00
 1150, 1.0,11.0, 2.0,100000,0.841,0.59,0.00
 1151, 3.0,11.0, 2.1,100000,0.841,0.61,0.00
 1152, 1.0,11.0, 2.0,100000,0.841,0.60,0.00
 1153, 1.0,11.0, 1.9,100000,0.841,0.52,0.00
 1154, 0.0,11.0, 1.7,100000,0.841,0.39,0.00
 1155, 2.0,11.0, 1.7,100000,0.841,0.53,0.00
 1156, 4.0,11.0, 1.9,100000,0.840,0.51,0.00
 1157, 2.0,11.0, 1.9,100000,0.840,0.60,0.00
 1158, 2.0,11.0, 1.9,100000,0.840,0.54,0.00
 1159, 2.0,11.0, 2.0,100000,0.840,0.72,0.00
 1160, 3.0,11.0, 2.1,100000,0.840,0.57,0.00
 1161, 1.0,11.0, 2.0,100000,0.839,0.60,0.00
 1162, 3.0,11.0, 2.1,100000,0.839,0.73,0.00
 1163, 2.0,11.0, 2.1,100000,0.839,0.57,0.00
 1164, 5.0,11.0, 2.3,100000,0.839,0.69,0.00
 1165, 0.0,11.0, 2.1,100000,0.839,0.41,0.00
 1166, 5.0,11.0, 2.4,100000,0.838,0.64,0.00
 1167, 2.0,11.0, 2.4,100000,0.838,0.56,0.00
 1168, 1.0,11.0, 2.2,100000,0.838,0.61,0.00
 1169, 2.0,11.0, 2.2,100000,0.838,0.63,0.00
 1170, 3.0,11.0, 2.3,100000,0.838,0.59,0.00
 1171, 3.0,11.0, 2.4,100000,0.837,0.66,0.00
 1172, 3.0,11.0, 2.4,100000,0.837,0.61,0.00
 1173, 1.0,11.0, 2.3,100000,0.837,0.80,0.00
 1174, 5.0,11.0, 2.5,100000,0.837,0.65,0.00
 1175, 2.0,11.0, 2.5,100000,0.837,0.62,0.00
 1176, 7.0,11.0, 2.9,100000,0.836,0.74,0.00
 1177, 1.0,11.0, 2.7,100000,0.836,0.64,0.00
 1178, 6.0,11.0, 3.1,100000,0.836,0.58,0.00
 1179, 4.0,11.0, 3.2,100000,0.835,0.64,0.00
 1180, 1.0,11.0, 3.0,100000,0.835,0.52,0.00
 1181, 1.0,11.0, 2.8,100000,0.835,0.44,0.00
 1182, 1.0,11.0, 2.6,100000,0.835,0.63,0.00
 1183, 7.0,11.0, 3.0,100000,0.835,0.58,0.00
 1184, 2.0,11.0, 2.9,100000,0.835,0.70,0.00
 1185, 1.0,11.0, 2.7,100000,0.834,0.50,0.00
 1186, 0.0,11.0, 2.5,100000,0.834,0.47,0.00
 1187, 2.0,11.0, 2.4,100000,0.834,0.71,0.00
 1188, 0.0,11.0, 2.2,100000,0.834,0.37,0.00
 1189, 1.0,11.0, 2.1,100000,0.834,0.70,0.00
 1190, 4.0,11.0, 2.2,100000,0.834,0.53,0.00
 1191, 2.0,11.0, 2.2,100000,0.833,0.61,0.00
 1192, 3.0,11.0, 2.3,100000,0.833,0.79,0.00
 1193, 1.0,11.0, 2.2,100000,0.833,0.50,0.00
 1194, 2.0,11.0, 2.2,100000,0.833,0.70,0.00
 1195, 1.0,11.0, 2.0,100000,0.833,0.57,0.00
 1196, 1.0,11.0, 1.9,100000,0.833,0.49,0.00
 1197, 2.0,11.0, 1.9,100000,0.832,0.59,0.00
 1198, 3.0,11.0, 2.0,100000,0.832,0.73,0.00
 1199, 0.0,11.0, 1.8,100000,0.832,0.51,0.00
 1200, 3.0,11.0, 2.0,100000,0.832,0.66,0.00
 1201, 4.0,11.0, 2.2,100000,0.832,0.62,0.00
 1202, 1.0,11.0, 2.0,100000,0.832,0.58,0.00
 1203, 0.0,11.0, 1.8,100000,0.831,0.72,0.00
 1204, 2.0,11.0, 1.9,100000,0.831,0.69,0.00
 1205, 1.0,11.0, 1.8,100000,0.831,0.55,0.00
 1206, 2.0,11.0, 1.8,100000,0.831,0.54,0.00
 1207, 1.0,11.0, 1.7,100000,0.831,0.53,0.00
 1208, 0.0,11.0, 1.5,100000,0.831,0.59,0.00
 1209, 0.0,11.0, 1.4,100000,0.831,0.50,0.00
 1210, 1.0,11.0, 1.4,100000,0.830,0.53,0.00
 1211, 1.0,11.0, 1.3,100000,0.830,0.41,0.00
 1212, 4.0,11.0, 1.6,100000,0.830,0.69,0.00
 1213, 2.0,11.0, 1.6,100000,0.830,0.55,0.00
 1214, 2.0,11.0, 1.7,100000,0.830,0.66,0.00
 1215, 3.0,11.0, 1.8,100000,0.829,0.62,0.00
 1216, 0.0,11.0, 1.6,100000,0.829,0.36,0.00
 1217, 3.0,11.0, 1.8,100000,0.829,0.52,0.00
 1218, 1.0,11.0, 1.7,100000,0.829,0.64,0.00
 1219, 1.0,11.0, 1.6,100000,0.829,0.59,0.00
 1220, 2.0,11.0, 1.7,100000,0.829,0.60,0.00
 1221, 3.0,11.0, 1.8,100000,0.828,0.70,0.00
 1222, 1.0,11.0, 1.7,100000,0.828,0.51,0.00
 1223, 2.0,11.0, 1.7,100000,0.828,0.68,0.00
 1224, 0.0,11.0, 1.6,100000,0.828,0.47,0.00
 1225, 6.0,11.0, 2.0,100000,0.828,0.72,0.00
 1226, 3.0,11.0, 2.1,100000,0.827,0.58,0.00
 1227, 1.0,11.0, 2.0,100000,0.827,0.48,0.00
 1228, 1.0,11.0, 1.9,100000,0.827,0.66,0.00
 1229, 2.0,11.0, 1.9,100000,0.827,0.62,0.00
 1230, 1.0,11.0, 1.8,100000,0.827,0.76,0.00
 1231, 1.0,11.0, 1.7,100000,0.827,0.68,0.00
 1232, 4.0,11.0, 2.0,100000,0.826,0.75,0.00
 1233, 0.0,11.0, 1.8,100000,0.826,0.66,0.00
 1234, 2.0,11.0, 1.8,100000,0.826,0.80,0.00
 1235, 3.0,11.0, 1.9,100000,0.826,0.73,0.00
 1236, 5.0,11.0, 2.2,100000,0.826,0.76,0.00
 1237, 4.0,11.0, 2.4,100000,0.825,0.67,0.00
 1238, 6.0,11.0, 2.8,100000,0.825,0.71,0.00
 1239, 0.0,11.0, 2.5,100000,0.825,0.50,0.00
 1240, 2.0,11.0, 2.4,100000,0.825,0.64,0.00
 1241, 0.0,11.0, 2.2,100000,0.825,0.43,0.00
 1242, 2.0,11.0, 2.2,100000,0.824,0.58,0.00
 1243, 1.0,11.0, 2.1,100000,0.824,0.71,0.00
 1244, 4.0,11.0, 2.2,100000,0.824,0.72,0.00
 1245, 0.0,11.0, 2.0,100000,0.824,0.45,0.00
 1246, 2.0,11.0, 2.0,100000,0.824,0.76,0.00
 1247, 2.0,11.0, 2.0,100000,0.823,0.78,0.00
 1248, 2.0,11.0, 2.0,100000,0.823,0.70,0.00
 1249, 2.0,11.0, 2.0,100000,0.823,0.69,0.00
 1250, 1.0,11.0, 1.9,100000,0.823,0.68,0.00
 1251, 6.0,11.0, 2.3,100000,0.823,0.67,0.00
 1252, 2.0,11.0, 2.3,100000,0.822,0.72,0.00
 1253, 3.0,11.0, 2.4,100000,0.822,0.70,0.00
 1254, 1.0,11.0, 2.2,100000,0.822,0.61,0.00
 1255, 3.0,11.0, 2.3,100000,0.822,0.77,0.00
 1256, 3.0,11.0, 2.4,100000,0.822,0.62,0.00
 1257, 1.0,11.0, 2.2,100000,0.822,0.72,0.00
 1258, 3.0,11.0, 2.3,100000,0.821,0.74,0.00
 1259, 2.0,11.0, 2.3,100000,0.821,0.55,0.00
 1260, 2.0,11.0, 2.3,100000,0.821,0.64,0.00
 1261, 3.0,11.0, 2.3,100000,0.821,0.76,0.00
 1262, 2.0,11.0, 2.3,100000,0.821,0.61,0.00
 1263, 2.0,11.0, 2.3,100000,0.820,0.80,0.00
 1264, 1.0,11.0, 2.1,100000,0.820,0.66,0.00
 1265, 3.0,11.0, 2.2,100000,0.820,0.76,0.00
 1266, 2.0,11.0, 2.2,100000,0.820,0.70,0.00
 1267, 1.0,11.0, 2.1,100000,0.820,0.56,0.00
 1268, 4.0,11.0, 2.3,100000,0.819,0.73,0.00
 1269, 2.0,11.0, 2.2,100000,0.819,0.61,0.00
 1270, 3.0,11.0, 2.3,100000,0.819,0.64,0.00
 1271, 3.0,11.0, 2.4,100000,0.819,0.69,0.00
 1272, 1.0,11.0, 2.3,100000,0.819,0.77,0.00
 1273, 3.0,11.0, 2.3,100000,0.818,0.46,0.00
 1274, 1.0,11.0, 2.2,100000,0.818,0.64,0.00
 1275, 0.0,11.0, 2.0,100000,0.818,0.40,0.00
 1276, 3.0,11.0, 2.1,100000,0.818,0.73,0.00
 1277, 2.0,11.0, 2.1,100000,0.818,0.66,0.00
 1278, 1.0,11.0, 2.0,100000,0.818,0.74,0.00
 1279, 3.0,11.0, 2.1,100000,0.817,0.79,0.00
 1280, 1.0,11.0, 2.0,100000,0.817,0.45,0.00
 1281, 1.0,11.0, 1.9,100000,0.817,0.70,0.00
 1282, 3.0,11.0, 2.0,100000,0.817,0.79,0.00
 1283,11.0,11.0, 2.9,100000,0.816,0.74,0.00
 1284, 1.0,11.0, 2.7,100000,0.816,0.70,0.00
 1285, 1.0,11.0, 2.5,100000,0.816,0.73,0.00
 1286, 0.0,11.0, 2.3,100000,0.816,0.65,0.00
 1287, 1.0,11.0, 2.1,100000,0.816,0.72,0.00
 1288, 3.0,11.0, 2.2,100000,0.816,0.81,0.00
 1289, 3.0,11.0, 2.3,100000,0.815,0.79,0.00
 1290, 2.0,11.0, 2.3,100000,0.815,0.70,0.00
 1291, 0.0,11.0, 2.0,100000,0.815,0.62,0.00
 1292, 1.0,11.0, 1.9,100000,0.815,0.82,0.00
 1293, 3.0,11.0, 2.0,100000,0.815,0.82,0.00
 1294, 3.0,11.0, 2.1,100000,0.815,0.85,0.00
 1295, 4.0,11.0, 2.3,100000,0.814,0.78,0.00
 1296, 1.0,11.0, 2.2,100000,0.814,0.79,0.00
 1297, 0.0,11.0, 2.0,100000,0.814,0.34,0.00
 1298, 0.0,11.0, 1.8,100000,0.814,0.35,0.00
 1299, 2.0,11.0, 1.8,100000,0.814,0.77,0.00
 1300, 3.0,11.0, 1.9,100000,0.814,0.66,0.00
 1301, 1.0,11.0, 1.8,100000,0.813,0.82,0.00
 1302, 1.0,11.0, 1.7,100000,0.813,0.60,0.00
 1303, 2.0,11.0, 1.8,100000,0.813,0.83,0.00
 1304, 3.0,11.0, 1.9,100000,0.813,0.79,0.00
 1305, 1.0,11.0, 1.8,100000,0.813,0.69,0.00
 1306, 1.0,11.0, 1.7,100000,0.813,0.70,0.00
 1307, 0.0,11.0, 1.6,100000,0.813,0.69,0.00
 1308, 6.0,11.0, 2.0,100000,0.812,0.68,0.00
 1309, 1.0,11.0, 1.9,100000,0.812,0.70,0.00
 1310, 3.0,11.0, 2.0,100000,0.812,0.72,0.00
 1311, 1.0,11.0, 1.9,100000,0.812,0.77,0.00
 1312, 3.0,11.0, 2.0,100000,0.812,0.82,0.00
 1313, 5.0,11.0, 2.3,100000,0.811,0.74,0.00
 1314, 3.0,11.0, 2.4,100000,0.811,0.75,0.00
 1315, 1.0,11.0, 2.2,100000,0.811,0.73,0.00
 1316, 5.0,11.0, 2.5,100000,0.811,0.81,0.00
 1317, 2.0,11.0, 2.5,100000,0.810,0.81,0.00
 1318, 1.0,11.0, 2.3,100000,0.810,0.68,0.00
 1319, 1.0,11.0, 2.2,100000,0.810,0.67,0.00
 1320, 0.0,11.0, 2.0,100000,0.810,0.57,0.00
 1321, 2.0,11.0, 2.0,100000,0.810,0.58,0.00
 1322, 1.0,11.0, 1.9,100000,0.810,0.71,0.00
 1323, 2.0,11.0, 1.9,100000,0.809,0.83,0.00
 1324, 2.0,11.0, 1.9,100000,0.809,0.82,0.00
 1325, 2.0,11.0, 1.9,100000,0.809,0.83,0.00
 1326, 0.0,11.0, 1.7,100000,0.809,0.45,0.00
 1327, 2.0,11.0, 1.7,100000,0.809,0.72,0.00
 1328, 3.0,11.0, 1.9,100000,0.809,0.74,0.00
 1329, 3.0,11.0, 2.0,100000,0.808,0.66,0.00
 1330, 2.0,11.0, 2.0,100000,0.808,0.85,0.00
 1331, 1.0,11.0, 1.9,100000,0.808,0.81,0.00
 1332, 2.0,11.0, 1.9,100000,0.808,0.79,0.00
 1333, 2.0,11.0, 1.9,100000,0.808,0.74,0.00
 1334, 2.0,11.0, 1.9,100000,0.808,0.83,0.00
 1335, 2.0,11.0, 1.9,100000,0.807,0.81,0.00
 1336, 4.0,11.0, 2.1,100000,0.807,0.77,0.00
 1337, 4.0,11.0, 2.3,100000,0.807,0.87,0.00
 1338, 1.0,11.0, 2.2,100000,0.807,0.79,0.00
 1339, 2.0,11.0, 2.2,100000,0.807,0.79,0.00
 1340, 5.0,11.0, 2.5,100000,0.806,0.86,0.00
 1341, 1.0,11.0, 2.3,100000,0.806,0.83,0.00
 1342, 2.0,11.0, 2.3,100000,0.806,0.70,0.00
 1343, 2.0,11.0, 2.2,100000,0.806,0.80,0.00
 1344, 0.0,11.0, 2.0,100000,0.806,0.77,0.00
 1345, 3.0,11.0, 2.1,100000,0.805,0.80,0.00
 1346, 0.0,11.0, 1.9,100000,0.805,0.85,0.00
 1347, 3.0,11.0, 2.0,100000,0.805,0.81,0.00
 1348, 1.0,11.0, 1.9,100000,0.805,0.74,0.00
 1349, 0.0,11.0, 1.7,100000,0.805,0.66,0.00
 1350, 1.0,11.0, 1.7,100000,0.805,0.82,0.00
 1351, 5.0,11.0, 2.0,100000,0.804,0.70,0.00
 1352, 0.0,11.0, 1.8,100000,0.804,0.59,0.00
 1353, 0.0,11.0, 1.6,100000,0.804,0.72,0.00
 1354, 3.0,11.0, 1.7,100000,0.804,0.72,0.00
 1355, 0.0,11.0, 1.6,100000,0.804,0.44,0.00
 1356, 5.0,11.0, 1.9,100000,0.804,0.82,0.00
 1357, 4.0,11.0, 2.1,100000,0.803,0.73,0.00
 1358, 0.0,11.0, 1.9,100000,0.803,0.61,0.00
 1359, 1.0,11.0, 1.8,100000,0.803,0.74,0.00
 1360, 0.0,11.0, 1.6,100000,0.803,0.63,0.00
 1361, 3.0,11.0, 1.8,100000,0.803,0.83,0.00
 1362, 1.0,11.0, 1.7,100000,0.803,0.87,0.00
 1363, 7.0,11.0, 2.2,100000,0.802,0.78,0.00
 1364, 1.0,11.0, 2.1,100000,0.802,0.79,0.00
 1365, 2.0,11.0, 2.1,100000,0.802,0.80,0.00
 1366, 2.0,11.0, 2.1,100000,0.802,0.84,0.00
 1367, 2.0,11.0, 2.1,100000,0.801,0.76,0.00
 1368, 0.0,11.0, 1.9,100000,0.801,0.77,0.00
 1369, 2.0,11.0, 1.9,100000,0.801,0.78,0.00
 1370, 2.0,11.0, 1.9,100000,0.801,0.72,0.00
 1371, 3.0,11.0, 2.0,100000,0.801,0.72,0.00
 1372, 1.0,11.0, 1.9,100000,0.801,0.80,0.00
 1373, 3.0,11.0, 2.0,100000,0.800,0.85,0.00
 1374, 0.0,11.0, 1.8,100000,0.800,0.53,0.00
 1375, 2.0,11.0, 1.8,100000,0.800,0.75,0.00
 1376, 4.0,11.0, 2.0,100000,0.800,0.82,0.00
 1377, 4.0,11.0, 2.2,100000,0.800,0.86,0.00
 1378, 0.0,11.0, 2.0,100000,0.799,0.51,0.00
 1379, 3.0,11.0, 2.1,100000,0.799,0.84,0.00
 1380, 7.0,11.0, 2.6,100000,0.799,0.84,0.00
 1381, 1.0,11.0, 2.4,100000,0.799,0.55,0.00
 1382, 0.0,11.0, 2.2,100000,0.799,0.36,0.00
 1383, 4.0,11.0, 2.4,100000,0.798,0.87,0.00
 1384, 2.0,11.0, 2.3,100000,0.798,0.82,0.00
 1385, 3.0,11.0, 2.4,100000,0.798,0.87,0.00
 1386, 3.0,11.0, 2.5,100000,0.798,0.75,0.00
 1387, 4.0,11.0, 2.6,100000,0.798,0.90,0.00
 1388, 1.0,11.0, 2.5,100000,0.797,0.60,0.00
 1389, 3.0,11.0, 2.5,100000,0.797,0.68,0.00
 1390, 6.0,11.0, 2.9,100000,0.797,0.94,0.00
 1391,12.0,12.0, 3.8,100000,0.796,0.81,0.00
 1392, 2.0,12.0, 3.6,100000,0.796,0.86,0.00
 1393, 5.0,12.0, 3.7,100000,0.796,0.84,0.00
 1394, 2.0,12.0, 3.6,100000,0.796,0.76,0.00
 1395, 2.0,12.0, 3.4,100000,0.796,0.89,0.00
 1396, 1.0,12.0, 3.2,100000,0.795,0.78,0.00
 1397, 0.0,12.0, 2.9,100000,0.795,0.64,0.00
 1398, 3.0,12.0, 2.9,100000,0.795,0.87,0.00
 1399, 1.0,12.0, 2.7,100000,0.795,0.63,0.00
 1400, 7.0,12.0, 3.1,100000,0.795,0.84,0.00
 1401, 1.0,12.0, 2.9,100000,0.794,0.76,0.00
 1402, 1.0,12.0, 2.7,100000,0.794,0.86,0.00
 1403, 4.0,12.0, 2.8,100000,0.794,0.89,0.00
 1404, 3.0,12.0, 2.9,100000,0.794,0.73,0.00
 1405, 3.0,12.0, 2.9,100000,0.794,0.83,0.00
 1406, 2.0,12.0, 2.8,100000,0.793,0.86,0.00
 1407, 2.0,12.0, 2.7,100000,0.793,0.75,0.00
 1408, 2.0,12.0, 2.6,100000,0.793,0.71,0.00
 1409, 1.0,12.0, 2.5,100000,0.793,0.75,0.00
 1410, 3.0,12.0, 2.5,100000,0.793,0.93,0.00
 1411, 1.0,12.0, 2.4,100000,0.793,0.83,0.00
 1412, 6.0,12.0, 2.7,100000,0.792,0.76,0.00
 1413, 3.0,12.0, 2.8,100000,0.792,0.89,0.00
 1414, 1.0,12.0, 2.6,100000,0.792,0.74,0.00
 1415, 0.0,12.0, 2.3,100000,0.792,0.80,0.00
 1416, 1.0,12.0, 2.2,100000,0.792,0.84,0.00
 1417, 1.0,12.0, 2.1,100000,0.791,0.96,0.00
 1418, 1.0,12.0, 2.0,100000,0.791,0.78,0.00
 1419, 3.0,12.0, 2.1,100000,0.791,0.86,0.00
 1420, 2.0,12.0, 2.1,100000,0.791,0.81,0.00
 1421, 2.0,12.0, 2.1,100000,0.791,0.87,0.00
 1422, 0.0,12.0, 1.9,100000,0.791,0.52,0.00
 1423, 2.0,12.0, 1.9,100000,0.790,0.80,0.00
 1424, 2.0,12.0, 1.9,100000,0.790,0.77,0.00
 1425, 0.0,12.0, 1.7,100000,0.790,0.52,0.00
 1426, 3.0,12.0, 1.8,100000,0.790,0.88,0.00
 1427, 4.0,12.0, 2.0,100000,0.790,0.90,0.00
 1428, 4.0,12.0, 2.2,100000,0.789,0.93,0.00
 1429, 1.0,12.0, 2.1,100000,0.789,0.84,0.00
 1430, 6.0,12.0, 2.5,100000,0.789,0.87,0.00
 1431, 4.0,12.0, 2.7,100000,0.789,0.82,0.00
 1432, 0.0,12.0, 2.4,100000,0.789,0.75,0.00
 1433, 1.0,12.0, 2.2,100000,0.788,0.74,0.00
 1434, 1.0,12.0, 2.1,100000,0.788,0.86,0.00
 1435, 1.0,12.0, 2.0,100000,0.788,0.78,0.00
 1436, 4.0,12.0, 2.2,100000,0.788,0.92,0.00
 1437, 2.0,12.0, 2.2,100000,0.788,0.84,0.00
 1438, 3.0,12.0, 2.3,100000,0.787,0.80,0.00
 1439, 1.0,12.0, 2.1,100000,0.787,0.80,0.00
 1440, 1.0,12.0, 2.0,100000,0.787,0.92,0.00
 1441, 2.0,12.0, 2.0,100000,0.787,0.87,0.00
 1442, 4.0,12.0, 2.2,100000,0.787,0.94,0.00
 1443, 2.0,12.0, 2.2,100000,0.787,0.90,0.00
 1444, 1.0,12.0, 2.1,100000,0.786,0.79,0.00
 1445, 1.0,12.0, 2.0,100000,0.786,0.87,0.00
 1446, 7.0,12.0, 2.5,100000,0.786,0.87,0.00
 1447, 1.0,12.0, 2.3,100000,0.786,0.81,0.00
 1448, 3.0,12.0, 2.4,100000,0.785,0.88,0.00
 1449, 3.0,12.0, 2.5,100000,0.785,0.83,0.00
 1450, 3.0,12.0, 2.5,100000,0.785,0.95,0.00
 1451, 0.0,12.0, 2.3,100000,0.785,0.71,0.00
 1452, 0.0,12.0, 2.0,100000,0.785,0.75,0.00
 1453, 4.0,12.0, 2.2,100000,0.785,0.92,0.00
 1454, 3.0,12.0, 2.3,100000,0.784,0.96,0.00
 1455, 2.0,12.0, 2.3,100000,0.784,0.90,0.00
 1456, 3.0,12.0, 2.3,100000,0.784,0.85,0.00
 1457,10.0,12.0, 3.1,100000,0.784,0.79,0.00
 1458, 3.0,12.0, 3.1,100000,0.783,0.87,0.00
 1459, 4.0,12.0, 3.2,100000,0.783,0.86,0.00
 1460, 2.0,12.0, 3.1,100000,0.783,0.75,0.00
 1461, 4.0,12.0, 3.2,100000,0.783,0.92,0.00
 1462, 0.0,12.0, 2.8,100000,0.783,0.72,0.00
 1463, 3.0,12.0, 2.9,100000,0.782,0.88,0.00
 1464, 2.0,12.0, 2.8,100000,0.782,0.87,0.00
 1465, 2.0,12.0, 2.7,100000,0.782,0.82,0.00
 1466, 1.0,12.0, 2.5,100000,0.782,0.79,0.00
 1467, 2.0,12.0, 2.5,100000,0.782,0.67,0.00
 1468, 2.0,12.0, 2.4,100000,0.781,0.83,0.00
 1469, 3.0,12.0, 2.5,100000,0.781,0.85,0.00
 1470, 1.0,12.0, 2.3,100000,0.781,0.78,0.00
 1471, 5.0,12.0, 2.6,100000,0.781,0.87,0.00
 1472, 2.0,12.0, 2.5,100000,0.781,0.89,0.00
 1473, 4.0,12.0, 2.7,100000,0.780,0.93,0.00
 1474, 3.0,12.0, 2.7,100000,0.780,0.93,0.00
 1475, 0.0,12.0, 2.4,100000,0.780,0.68,0.00
 1476, 2.0,12.0, 2.4,100000,0.780,0.73,0.00
 1477, 2.0,12.0, 2.4,100000,0.780,0.93,0.00
 1478, 4.0,12.0, 2.5,100000,0.779,0.98,0.00
 1479, 2.0,12.0, 2.5,100000,0.779,0.92,0.00
 1480, 5.0,12.0, 2.7,100000,0.779,0.84,0.00
 1481, 3.0,12.0, 2.8,100000,0.779,0.82,0.00
 1482, 1.0,12.0, 2.6,100000,0.778,0.81,0.00
 1483, 6.0,12.0, 2.9,100000,0.778,0.88,0.00
 1484, 1.0,12.0, 2.7,100000,0.778,0.79,0.00
 1485, 1.0,12.0, 2.6,100000,0.778,0.74,0.00
 1486, 2.0,12.0, 2.5,100000,0.778,0.87,0.00
 1487, 3.0,12.0, 2.6,100000,0.777,0.70,0.00
 1488, 1.0,12.0, 2.4,100000,0.777,0.82,0.00
 1489, 0.0,12.0, 2.2,100000,0.777,0.61,0.00
 1490, 2.0,12.0, 2.1,100000,0.777,0.77,0.00
 1491, 1.0,12.0, 2.0,100000,0.777,0.84,0.00
 1492, 3.0,12.0, 2.1,100000,0.777,0.97,0.00
 1493, 4.0,12.0, 2.3,100000,0.776,0.78,0.00
 1494, 5.0,12.0, 2.6,100000,0.776,0.94,0.00
 1495, 3.0,12.0, 2.6,100000,0.776,0.87,0.00
 1496, 4.0,12.0, 2.8,100000,0.776,0.82,0.00
 1497, 4.0,12.0, 2.9,100000,0.775,0.97,0.00
 1498, 5.0,12.0, 3.1,100000,0.775,0.94,0.00
 1499, 1.0,12.0, 2.9,100000,0.775,0.79,0.00
 1500, 5.0,12.0, 3.1,100000,0.775,0.90,0.00
 1501, 0.0,12.0, 2.8,100000,0.774,0.75,0.00
 1502, 3.0,12.0, 2.8,100000,0.774,0.87,0.00
 1503, 3.0,12.0, 2.8,100000,0.774,0.74,0.00
 1504, 3.0,12.0, 2.8,100000,0.774,0.92,0.00
 1505, 1.0,12.0, 2.7,100000,0.774,0.82,0.00
 1506, 0.0,12.0, 2.4,100000,0.773,0.68,0.00
 1507, 4.0,12.0, 2.6,100000,0.773,0.85,0.00
 1508, 3.0,12.0, 2.6,100000,0.773,0.85,0.00
 1509, 1.0,12.0, 2.4,100000,0.773,0.75,0.00
 1510, 2.0,12.0, 2.4,100000,0.773,0.78,0.00
 1511, 3.0,12.0, 2.5,100000,0.772,0.79,0.00
 1512, 0.0,12.0, 2.2,100000,0.772,0.70,0.00
 1513, 2.0,12.0, 2.2,100000,0.772,0.83,0.00
 1514, 0.0,12.0, 2.0,100000,0.772,0.77,0.00
 1515, 1.0,12.0, 1.9,100000,0.772,0.72,0.00
 1516, 0.0,12.0, 1.7,100000,0.772,0.85,0.00
 1517, 0.0,12.0, 1.5,100000,0.772,0.86,0.00
 1518, 2.0,12.0, 1.6,100000,0.771,0.77,0.00
 1519, 1.0,12.0, 1.5,100000,0.771,0.82,0.00
